{
    "schema_version": 1,
    "scenario_id": "toy_iid_poisson",
    "scenario_version": "230f39dd849c427f",
    "engine_id": "latte_hmc_laplace",
    "engine_version": "0.1.0-DEV",
    "run_id": "afc6403f-c4bc-4c45-8ab5-7cd1a5a512c3",
    "seed": 195939070,
    "data_id": "35ffb5d511ce78e4",
    "mode": "full",
    "status": "success",
    "error_type": null,
    "error_message": null,
    "skip_reason": null,
    "timings": {
        "model_construction": 0.000279875,
        "compilation": null,
        "optimisation": null,
        "sampling": 3.526642208,
        "posterior_summary": null,
        "total": 3.526922083
    },
    "repetitions": 1,
    "timeout_seconds": 120,
    "accuracy": {
        "posterior_mean_mae": 0.02076130597944892,
        "posterior_mean_max_abs_z": 0.030808775016171044,
        "posterior_sd_relative_error": 0.019753717977647058,
        "posterior_q025_max_abs_z": 0.0509852353377193,
        "posterior_q975_max_abs_z": 0.1399540470981237,
        "posterior_mean_signed_z": 0.030808775016171044,
        "posterior_q025_signed_z": 0.0509852353377193,
        "posterior_q975_signed_z": -0.1399540470981237,
        "posterior_mean_max_abs_z_mc_floor": 0.022006383715045697,
        "posterior_sd_relative_error_mc_floor": 0.03545391211508979,
        "posterior_q025_max_abs_z_mc_floor": 0.015602924405926845,
        "posterior_q975_max_abs_z_mc_floor": 0.06662045297797796,
        "posterior_tail_prob_q975_error": 0.001999999999999981,
        "posterior_tail_prob_q99_error": 0.0030000000000000113,
        "latent_mean_mae": 0.06641286152595254,
        "latent_mean_max_abs_z": 0.13393436494229483,
        "latent_sd_relative_error": 0.006751452789464274,
        "latent_mean_max_abs_z_mc_floor": 0.010449922281400827,
        "latent_sd_relative_error_mc_floor": 0.007670307231586372,
        "latent_mean_signed_z": 0.13393436494229483,
        "worst_resolved_discrepancy": 12.816780961201632,
        "verdict": "red",
        "interval_coverage_50": null,
        "interval_coverage_95": null,
        "notes": [
        ]
    },
    "diagnostics": {
        "converged": true,
        "elapsed_total": 3.3841300010681152,
        "divergences": 0,
        "mean_tree_depth": 1.423,
        "acceptance_rate": 0.834223855322898,
        "mean_step_size": 1.313580465132839,
        "warm_median_seconds": 2.436075708,
        "warm_iqr_lo": 2.436075708,
        "warm_iqr_hi": 2.436075708,
        "warm_repetitions": 1
    },
    "comparability": null,
    "comparability_notes": null,
    "external_target": null,
    "process_startup_seconds": null,
    "script_path": null,
    "environment": {
        "os": "Darwin",
        "blas_threads": 8,
        "cpu_brand": "Apple M1 Max",
        "cpu_threads": 8,
        "julia_threads": 1,
        "blas_vendor": "lbt",
        "package_versions": {
            "Turing": "0.43.7",
            "Latte": "0.1.0-DEV",
            "AdvancedHMC": "0.8.3",
            "Optim": "1.13.3",
            "GaussianMarkovRandomFields": "0.10.0",
            "DynamicPPL": "0.40.24",
            "ForwardDiff": "0.10.39",
            "Distributions": "0.25.125"
        },
        "hostname": "Laptop-von-Tim",
        "total_memory_gb": 32,
        "arch": "aarch64",
        "julia_version": "1.10.10"
    },
    "timestamp_iso": "2026-04-25T21:39:05Z",
    "git_sha": "9d6936280779f1a4da7574459a46c87f61131917",
    "notes": [
    ]
}