{"scenario":"scotland","n":56,"ks_fixed":[0.004784807580539438,0.003955409517157407],"sgn_fixed":[-0.004784807580539438,-0.003955409517157407],"ks_u":[0.005120190448367756,0.013073374213377065,0.006800718798783106,0.007727135103271721,0.005126740751244169,0.007202528274300707,0.008606580037502698,0.005482599880001465,0.0038319452581208058,0.01572553274263555,0.010910187253545756,0.010265613380853411,0.007656134995331132,0.009994184140905138,0.014149193790560177,0.004807003074576599,0.010829460714173456,0.007020713669707912,0.004832420279779287,0.008928326993071556,0.009208416896653415,0.011650790605957861,0.010549295942047787,0.0075620544116865585,0.007965042706349235,0.011257082452058087,0.009948135999639396,0.007244502246513018,0.004032006525259313,0.004846841920616685,0.009461329643245087,0.006197587620362377,0.006792827079668218,0.005640263761675479,0.005080382188825783,0.005253055692893027,0.00464621246493202,0.005703848743035533,0.006470278107459371,0.00635636753793023,0.006333265414490308,0.006015321395767881,0.007311776561170991,0.006623624478218626,0.006078979208456681,0.007064389718166808,0.006944028962201809,0.006952259522492121,0.006462928495647224,0.006103658579023841,0.006829429402227638,0.0064380071704113195,0.004545303522178523,0.00641873686698069,0.006910397765818921,0.0054624358192574135],"sgn_u":[0.005120190448367756,-0.013073374213377065,-0.006800718798783106,-0.007727135103271721,-0.005126740751244169,-0.007202528274300707,-0.008606580037502698,-0.005482599880001465,0.0038319452581208058,-0.01572553274263555,-0.010910187253545756,-0.010265613380853411,0.007656134995331132,-0.009994184140905138,-0.014149193790560177,0.004807003074576599,0.010829460714173456,-0.007020713669707912,-0.004832420279779287,0.008928326993071556,-0.009208416896653415,-0.011650790605957861,-0.010549295942047787,0.0075620544116865585,-0.007965042706349235,-0.011257082452058087,-0.009948135999639396,-0.007244502246513018,-0.004032006525259313,-0.004846841920616685,0.009461329643245087,0.006197587620362377,0.006792827079668218,0.005640263761675479,0.005080382188825783,0.005253055692893027,0.00464621246493202,0.005703848743035533,0.006470278107459371,0.00635636753793023,0.006333265414490308,0.006015321395767881,0.007311776561170991,0.006623624478218626,0.006078979208456681,0.007064389718166808,0.006944028962201809,0.006952259522492121,0.006462928495647224,0.006103658579023841,0.006829429402227638,0.0064380071704113195,0.004545303522178523,0.00641873686698069,0.006910397765818921,-0.0054624358192574135],"worst_u":10,"t_latte_cold":8.876761917,"t_latte_warm":0.00946825,"t_rinla":2.8299,"inla_version":"25.6.7"}