{"scenario":"scotland","n":56,"ks_fixed":[0.027067994783423366,0.04616055939372843],"sgn_fixed":[0.027067994783423366,0.04616055939372843],"ks_u":[0.03403187908717703,0.025293199401804134,0.030068069107878848,0.01632312186656082,0.032471415978317375,0.01344531566232865,0.03088749168203203,0.029698323445880914,0.024910734452462724,0.028341392896533035,0.03365346169908173,0.03626564198536231,0.01611409830334698,0.017818491740925757,0.03582662142206333,0.013668703641880997,0.021410084130806917,0.032140192105091225,0.030341749636345672,0.02377543725005038,0.034232683310007006,0.01936451930996358,0.02767652222159961,0.020813457097211607,0.021774606712124667,0.02824803538342696,0.0302028793762133,0.02517876764234578,0.019146395583994336,0.02128787916074182,0.015612256352408815,0.014325462599204641,0.01977861721162122,0.023077665861107488,0.019823378902735556,0.01618444920636497,0.015332999690188087,0.01684674554279786,0.01924767693049312,0.026112783178205312,0.015600569087678373,0.011717637247172119,0.01649692668789593,0.009603893175507361,0.002434214070393636,0.015674859923716644,0.015512424309374717,0.019073494738395036,0.002651389783581183,0.01924682771958347,0.024050001288076217,0.02363088971578453,0.013908342677272145,0.01026908302238666,0.02074002389475349,0.012087031687767924],"sgn_u":[-0.03403187908717703,-0.025293199401804134,-0.030068069107878848,-0.01632312186656082,-0.032471415978317375,-0.01344531566232865,-0.03088749168203203,-0.029698323445880914,-0.024910734452462724,-0.028341392896533035,-0.03365346169908173,-0.03626564198536231,-0.01611409830334698,-0.017818491740925757,-0.03582662142206333,-0.013668703641880997,-0.021410084130806917,-0.032140192105091225,-0.030341749636345672,-0.02377543725005038,-0.034232683310007006,-0.01936451930996358,-0.02767652222159961,-0.020813457097211607,-0.021774606712124667,-0.02824803538342696,-0.0302028793762133,-0.02517876764234578,-0.019146395583994336,-0.02128787916074182,-0.015612256352408815,-0.014325462599204641,-0.01977861721162122,-0.023077665861107488,-0.019823378902735556,-0.01618444920636497,-0.015332999690188087,-0.01684674554279786,-0.01924767693049312,-0.026112783178205312,-0.015600569087678373,-0.011717637247172119,-0.01649692668789593,-0.009603893175507361,-0.002434214070393636,-0.015674859923716644,-0.015512424309374717,-0.019073494738395036,-0.002651389783581183,-0.01924682771958347,-0.024050001288076217,-0.02363088971578453,-0.013908342677272145,-0.01026908302238666,-0.02074002389475349,-0.012087031687767924],"worst_u":12,"t_latte_cold":14.655934084,"t_latte_warm":0.069153083,"t_rinla":1.4852,"inla_version":"25.6.7"}