{"scenario":"scotland","n":56,"ks_fixed":[0.006763455693941323,0.0038074699964544267],"sgn_fixed":[-0.006763455693941323,0.0038074699964544267],"ks_u":[0.04566631581997754,0.03136985002181031,0.038569168677136945,0.02171508463237176,0.03946087259633024,0.017804825314484463,0.03836755861104729,0.03894072211588656,0.0321134155295294,0.037766033069288274,0.0438972340289111,0.04937007408227012,0.020211067368799074,0.024423723130243047,0.046829189529220216,0.017000721010513753,0.028454015429258905,0.04375495701889914,0.039860847296438406,0.029166480297414865,0.043606898359737856,0.025215530031120093,0.03730249304214406,0.026704894943691326,0.027684085150509685,0.03757575093925991,0.04128200707633006,0.034695410382292347,0.024670691092690267,0.028593183505875475,0.020563097948461673,0.018435313673605402,0.02349442789567857,0.030419438740190263,0.029330654560366598,0.022513465754338657,0.02491651329621325,0.022511876477741444,0.026372414140123646,0.03214118989629777,0.021052529955701282,0.020026424308655255,0.019763139863116175,0.013580997221983582,0.0057113112612134365,0.021231783734004694,0.01783257394765514,0.023526876044022316,0.004001826300438771,0.02892459796163599,0.026912777609484184,0.02695578238572971,0.018503096094588056,0.024631538395665564,0.037317122067059005,0.019018071583814078],"sgn_u":[-0.04566631581997754,-0.03136985002181031,-0.038569168677136945,-0.02171508463237176,-0.03946087259633024,-0.017804825314484463,-0.03836755861104729,-0.03894072211588656,-0.0321134155295294,-0.037766033069288274,-0.0438972340289111,-0.04937007408227012,-0.020211067368799074,-0.024423723130243047,-0.046829189529220216,-0.017000721010513753,-0.028454015429258905,-0.04375495701889914,-0.039860847296438406,-0.029166480297414865,-0.043606898359737856,-0.025215530031120093,-0.03730249304214406,-0.026704894943691326,-0.027684085150509685,-0.03757575093925991,-0.04128200707633006,-0.034695410382292347,-0.024670691092690267,-0.028593183505875475,-0.020563097948461673,-0.018435313673605402,-0.02349442789567857,-0.030419438740190263,-0.029330654560366598,-0.022513465754338657,-0.02491651329621325,-0.022511876477741444,-0.026372414140123646,-0.03214118989629777,-0.021052529955701282,-0.020026424308655255,-0.019763139863116175,-0.013580997221983582,-0.0057113112612134365,-0.021231783734004694,-0.01783257394765514,-0.023526876044022316,0.004001826300438771,-0.02892459796163599,-0.026912777609484184,-0.02695578238572971,-0.018503096094588056,-0.024631538395665564,-0.037317122067059005,-0.019018071583814078],"worst_u":12,"t_latte_cold":9.521939041,"t_latte_warm":0.061106792,"t_rinla":1.4852,"inla_version":"25.6.7"}