{"scenario":"scotland","n":56,"ks_fixed":[0.0047848075549735,0.0039554095007892365],"sgn_fixed":[-0.0047848075549735,-0.0039554095007892365],"ks_u":[0.00512019039352174,0.013073374170245455,0.00680071877825833,0.00772713509107642,0.005126740722035866,0.007202528255972146,0.008606579995107944,0.005482599863546794,0.003831945245750479,0.015725532735037184,0.010910187234885682,0.010265613372709925,0.007656134996418373,0.009994184135863005,0.014149193777594715,0.004807003060582682,0.010829460727017848,0.00702071366705595,0.004832420281615596,0.00892832697793966,0.009208416873837777,0.01165079059896501,0.010549295935340042,0.007562054407788343,0.00796504269585363,0.011257082448761058,0.00994813599683858,0.007244502250911028,0.004032006533181101,0.004846841925815998,0.009461329636611282,0.006197587610062616,0.006792827057582884,0.005640263747500929,0.0050803821847758,0.005253055683145047,0.004646212463602306,0.005703848735346684,0.006470278105171867,0.006356367527896034,0.0063332653952439255,0.006015321373435745,0.007311776551297222,0.006623624452523624,0.006078979165660692,0.00706438968761347,0.006944028931039958,0.006952259485042744,0.006462928432896198,0.006103658548669233,0.006829429372327223,0.006438007153448777,0.004545303524044919,0.006418736822283444,0.006910397699269599,0.005462435746802094],"sgn_u":[0.00512019039352174,-0.013073374170245455,-0.00680071877825833,-0.00772713509107642,-0.005126740722035866,-0.007202528255972146,-0.008606579995107944,-0.005482599863546794,0.003831945245750479,-0.015725532735037184,-0.010910187234885682,-0.010265613372709925,0.007656134996418373,-0.009994184135863005,-0.014149193777594715,0.004807003060582682,0.010829460727017848,-0.00702071366705595,-0.004832420281615596,0.00892832697793966,-0.009208416873837777,-0.01165079059896501,-0.010549295935340042,0.007562054407788343,-0.00796504269585363,-0.011257082448761058,-0.00994813599683858,-0.007244502250911028,-0.004032006533181101,-0.004846841925815998,0.009461329636611282,0.006197587610062616,0.006792827057582884,0.005640263747500929,0.0050803821847758,0.005253055683145047,0.004646212463602306,0.005703848735346684,0.006470278105171867,0.006356367527896034,0.0063332653952439255,0.006015321373435745,0.007311776551297222,0.006623624452523624,0.006078979165660692,0.00706438968761347,0.006944028931039958,0.006952259485042744,0.006462928432896198,0.006103658548669233,0.006829429372327223,0.006438007153448777,0.004545303524044919,0.006418736822283444,0.006910397699269599,-0.005462435746802094],"worst_u":10,"t_latte_cold":9.083476166,"t_latte_warm":0.028318,"t_rinla":2.8299,"inla_version":"25.6.7"}