{"scenario":"scotland","n":56,"ks_fixed":[0.004784786482067954,0.003955342023650665],"sgn_fixed":[-0.004784786482067954,-0.003955342023650665],"ks_u":[0.005120092073529148,0.013073510948260925,0.006800777387673235,0.007727154967011207,0.005126816823573799,0.00720253536430826,0.008606695338055581,0.00548262318628101,0.0038318816978365478,0.01572558639763516,0.01091026043120702,0.010265619475003263,0.007656049779602658,0.009994188655823855,0.014149271347255188,0.004806939885189654,0.010829410855215271,0.007020706950217809,0.004832431768733575,0.008928202035918709,0.009208518436328694,0.011650847482805982,0.010549316461218705,0.00756197158634786,0.0079650973121565,0.011257122883003567,0.009948133268226744,0.007244479742144816,0.004032002435131382,0.004846827422467587,0.009461279987972082,0.006197548197440672,0.006792745570426972,0.005640200479889668,0.005080335804410807,0.00525299177726446,0.004646190367968095,0.005703788826248224,0.00647024386266104,0.006356309178549013,0.006333236598667136,0.006015335211417172,0.007311799349785875,0.006623645520449251,0.006079032094650549,0.007064434020011556,0.006944050614009045,0.0069522950973045505,0.006462993416411766,0.006103682586339643,0.006829460933808873,0.006438037698534349,0.004545322794849649,0.006418851453803609,0.006910552865466935,0.00546233947321996],"sgn_u":[0.005120092073529148,-0.013073510948260925,-0.006800777387673235,-0.007727154967011207,-0.005126816823573799,-0.00720253536430826,-0.008606695338055581,-0.00548262318628101,0.0038318816978365478,-0.01572558639763516,-0.01091026043120702,-0.010265619475003263,0.007656049779602658,-0.009994188655823855,-0.014149271347255188,0.004806939885189654,0.010829410855215271,-0.007020706950217809,-0.004832431768733575,0.008928202035918709,-0.009208518436328694,-0.011650847482805982,-0.010549316461218705,0.00756197158634786,-0.0079650973121565,-0.011257122883003567,-0.009948133268226744,-0.007244479742144816,-0.004032002435131382,-0.004846827422467587,0.009461279987972082,0.006197548197440672,0.006792745570426972,0.005640200479889668,0.005080335804410807,0.00525299177726446,0.004646190367968095,0.005703788826248224,0.00647024386266104,0.006356309178549013,0.006333236598667136,0.006015335211417172,0.007311799349785875,0.006623645520449251,0.006079032094650549,0.007064434020011556,0.006944050614009045,0.0069522950973045505,0.006462993416411766,0.006103682586339643,0.006829460933808873,0.006438037698534349,0.004545322794849649,0.006418851453803609,0.006910552865466935,-0.00546233947321996],"worst_u":10,"t_latte_cold":10.036410625,"t_latte_warm":0.00954275,"t_rinla":1.763,"inla_version":"25.6.7"}