{"scenario":"366-day binomial · RW2 smoothing","t_rinla":1.509,"t_latte_warm":0.076,"cases":[{"key":"median","label":"median fit","day":283,"rinla":[0.0,0.0,0.0,0.0,0.0,0.0,0.0,0.0,0.0,0.00029,0.00047,0.00064,0.00082,0.001,0.00117,0.00135,0.00153,0.00309,0.0048,0.00652,0.00823,0.00995,0.01166,0.01338,0.01509,0.03026,0.0476,0.06494,0.08229,0.09963,0.11697,0.13432,0.15166,0.21054,0.27441,0.33828,0.43116,0.54271,0.65426,0.80295,0.95483,1.10672,1.26556,1.4255,1.56824,1.70397,1.80576,1.88609,1.94344,1.96566,1.96832,1.94409,1.90383,1.84987,1.78699,1.71904,1.64874,1.57806,1.50805,1.43944,1.37142,1.30458,1.23822,1.17238,1.10687,1.04156,0.97692,0.91228,0.84901,0.78751,0.726,0.66449,0.61172,0.55966,0.5076,0.45554,0.40348,0.36207,0.32463,0.28719,0.24974,0.21573,0.19263,0.16954,0.14645,0.12336,0.1007,0.09258,0.08446,0.07634,0.06822,0.0601,0.05198,0.04386,0.03574,0.02762,0.0195,0.01251,0.01125,0.00999,0.00873,0.00747,0.00621,0.00495,0.00369,0.00243,0.00152,0.00131,0.0011,0.00089,0.00067,0.00046,0.0,0.0,0.0,0.0,0.0,0.0,0.0,0.0,0.0],"grid":[-0.8684,-0.8498,-0.8312,-0.8126,-0.794,-0.7754,-0.7568,-0.7383,-0.7197,-0.7011,-0.6825,-0.6639,-0.6453,-0.6267,-0.6081,-0.5895,-0.5709,-0.5523,-0.5337,-0.5151,-0.4965,-0.4779,-0.4593,-0.4407,-0.4221,-0.4035,-0.3849,-0.3663,-0.3477,-0.3291,-0.3105,-0.2919,-0.2733,-0.2547,-0.2361,-0.2175,-0.1989,-0.1803,-0.1617,-0.1431,-0.1245,-0.1059,-0.0873,-0.0687,-0.0501,-0.0315,-0.0129,0.0057,0.0243,0.0429,0.0615,0.0801,0.0987,0.1173,0.1359,0.1545,0.1731,0.1917,0.2103,0.2289,0.2475,0.2661,0.2847,0.3033,0.3219,0.3405,0.3591,0.3777,0.3963,0.4149,0.4335,0.4521,0.4707,0.4893,0.5079,0.5265,0.5451,0.5637,0.5823,0.6009,0.6195,0.6381,0.6566,0.6752,0.6938,0.7124,0.731,0.7496,0.7682,0.7868,0.8054,0.824,0.8426,0.8612,0.8798,0.8984,0.917,0.9356,0.9542,0.9728,0.9914,1.01,1.0286,1.0472,1.0658,1.0844,1.103,1.1216,1.1402,1.1588,1.1774,1.196,1.2146,1.2332,1.2518,1.2704,1.289,1.3076,1.3262,1.3448,1.3634],"latte":[0.0,1.0e-5,1.0e-5,1.0e-5,2.0e-5,3.0e-5,4.0e-5,5.0e-5,8.0e-5,0.00011,0.00015,0.0002,0.00028,0.00039,0.00054,0.00074,0.00102,0.0014,0.00192,0.00264,0.00362,0.00497,0.00682,0.00936,0.01284,0.01762,0.02416,0.03309,0.04523,0.06164,0.08368,0.113,0.15159,0.20169,0.2657,0.34598,0.44454,0.56261,0.70028,0.85601,1.02638,1.206,1.38779,1.56351,1.72461,1.86325,1.97319,2.05054,2.09407,2.10513,2.08721,2.04519,1.98464,1.911,1.82913,1.74294,1.65534,1.56825,1.48282,1.39958,1.3187,1.24011,1.16366,1.08919,1.01659,0.94582,0.87691,0.80995,0.7451,0.68254,0.62247,0.5651,0.5106,0.45914,0.41085,0.36582,0.32409,0.28568,0.25055,0.21861,0.18978,0.16391,0.14084,0.12041,0.10241,0.08666,0.07297,0.06113,0.05095,0.04225,0.03487,0.02863,0.0234,0.01902,0.01539,0.01239,0.00993,0.00792,0.00629,0.00497,0.0039,0.00306,0.00238,0.00184,0.00142,0.00109,0.00084,0.00064,0.00048,0.00036,0.00027,0.0002,0.00015,0.00011,8.0e-5,6.0e-5,4.0e-5,3.0e-5,2.0e-5,2.0e-5,1.0e-5],"ks":0.04},{"key":"worst","label":"worst fit","day":177,"rinla":[0.0,0.0,0.0,0.0,0.0,0.0,0.0,0.0,0.0,0.00063,0.00116,0.00168,0.00221,0.00533,0.00983,0.01434,0.01884,0.0316,0.06489,0.09819,0.13148,0.16477,0.21872,0.31402,0.40933,0.55178,0.69449,0.85706,1.02121,1.17358,1.31031,1.41267,1.49253,1.51408,1.50879,1.47879,1.41657,1.34922,1.27572,1.20466,1.13969,1.08336,1.03769,1.00101,0.97201,0.94936,0.93026,0.91397,0.89937,0.88548,0.87066,0.85572,0.83942,0.82023,0.80103,0.77826,0.75322,0.72817,0.69922,0.66844,0.63765,0.60555,0.57113,0.53671,0.50229,0.46842,0.43576,0.4031,0.37044,0.33779,0.30513,0.27608,0.25134,0.22659,0.20184,0.1771,0.15655,0.14122,0.1259,0.11057,0.09525,0.07992,0.07069,0.06546,0.06023,0.055,0.04977,0.04455,0.03932,0.03409,0.02886,0.02363,0.0184,0.01317,0.00895,0.00816,0.00738,0.00659,0.00581,0.00502,0.00424,0.00345,0.00267,0.00189,0.0011,0.00098,0.00086,0.00074,0.00062,0.0005,0.00038,0.00026,0.0,0.0,0.0,0.0,0.0,0.0,0.0,0.0,0.0],"grid":[-0.3592,-0.3367,-0.3141,-0.2915,-0.269,-0.2464,-0.2238,-0.2013,-0.1787,-0.1562,-0.1336,-0.111,-0.0885,-0.0659,-0.0434,-0.0208,0.0018,0.0243,0.0469,0.0694,0.092,0.1146,0.1371,0.1597,0.1822,0.2048,0.2274,0.2499,0.2725,0.2951,0.3176,0.3402,0.3627,0.3853,0.4079,0.4304,0.453,0.4755,0.4981,0.5207,0.5432,0.5658,0.5883,0.6109,0.6335,0.656,0.6786,0.7011,0.7237,0.7463,0.7688,0.7914,0.814,0.8365,0.8591,0.8816,0.9042,0.9268,0.9493,0.9719,0.9944,1.017,1.0396,1.0621,1.0847,1.1072,1.1298,1.1524,1.1749,1.1975,1.2201,1.2426,1.2652,1.2877,1.3103,1.3329,1.3554,1.378,1.4005,1.4231,1.4457,1.4682,1.4908,1.5133,1.5359,1.5585,1.581,1.6036,1.6261,1.6487,1.6713,1.6938,1.7164,1.739,1.7615,1.7841,1.8066,1.8292,1.8518,1.8743,1.8969,1.9194,1.942,1.9646,1.9871,2.0097,2.0322,2.0548,2.0774,2.0999,2.1225,2.1451,2.1676,2.1902,2.2127,2.2353,2.2579,2.2804,2.303,2.3255,2.3481],"latte":[0.0,0.0,1.0e-5,1.0e-5,2.0e-5,4.0e-5,8.0e-5,0.00014,0.00025,0.00043,0.00076,0.00132,0.00227,0.00387,0.00656,0.01099,0.01821,0.02979,0.048,0.07589,0.11735,0.1768,0.2586,0.36616,0.50066,0.66,0.83809,1.02504,1.20832,1.37464,1.51218,1.6125,1.67164,1.69027,1.67298,1.62699,1.56073,1.48256,1.39982,1.31826,1.24184,1.17284,1.11211,1.05945,1.01397,0.97445,0.9395,0.90783,0.87825,0.8498,0.82169,0.79335,0.76438,0.73452,0.70366,0.6718,0.63901,0.60542,0.57125,0.53671,0.50206,0.46755,0.43346,0.40002,0.36747,0.33602,0.30586,0.27712,0.24995,0.22441,0.20056,0.17843,0.15802,0.1393,0.12223,0.10675,0.09278,0.08025,0.06907,0.05914,0.05037,0.04268,0.03596,0.03012,0.02509,0.02077,0.01709,0.01398,0.01136,0.00917,0.00735,0.00586,0.00463,0.00364,0.00284,0.0022,0.00169,0.00129,0.00098,0.00074,0.00055,0.00041,0.0003,0.00022,0.00016,0.00011,8.0e-5,6.0e-5,4.0e-5,3.0e-5,2.0e-5,1.0e-5,1.0e-5,1.0e-5,0.0,0.0,0.0,0.0,0.0,0.0,0.0],"ks":0.075}],"dataset":"Tokyo rainfall","speedup":19.9}