{"scenario":"366-day binomial · RW2 smoothing","t_rinla":1.509,"t_latte_warm":0.083,"cases":[{"key":"median","label":"median fit","day":283,"rinla":[0.0,0.0,0.0,0.0,0.0,0.0,0.0,0.0,0.0,0.00029,0.00047,0.00064,0.00082,0.001,0.00117,0.00135,0.00153,0.00309,0.0048,0.00652,0.00823,0.00995,0.01166,0.01338,0.01509,0.03026,0.0476,0.06494,0.08229,0.09963,0.11697,0.13432,0.15166,0.21054,0.27441,0.33828,0.43116,0.54271,0.65426,0.80295,0.95483,1.10672,1.26556,1.4255,1.56824,1.70397,1.80576,1.88609,1.94344,1.96566,1.96832,1.94409,1.90383,1.84987,1.78699,1.71904,1.64874,1.57806,1.50805,1.43944,1.37142,1.30458,1.23822,1.17238,1.10687,1.04156,0.97692,0.91228,0.84901,0.78751,0.726,0.66449,0.61172,0.55966,0.5076,0.45554,0.40348,0.36207,0.32463,0.28719,0.24974,0.21573,0.19263,0.16954,0.14645,0.12336,0.1007,0.09258,0.08446,0.07634,0.06822,0.0601,0.05198,0.04386,0.03574,0.02762,0.0195,0.01251,0.01125,0.00999,0.00873,0.00747,0.00621,0.00495,0.00369,0.00243,0.00152,0.00131,0.0011,0.00089,0.00067,0.00046,0.0,0.0,0.0,0.0,0.0,0.0,0.0,0.0,0.0],"grid":[-0.8684,-0.8498,-0.8312,-0.8126,-0.794,-0.7754,-0.7568,-0.7383,-0.7197,-0.7011,-0.6825,-0.6639,-0.6453,-0.6267,-0.6081,-0.5895,-0.5709,-0.5523,-0.5337,-0.5151,-0.4965,-0.4779,-0.4593,-0.4407,-0.4221,-0.4035,-0.3849,-0.3663,-0.3477,-0.3291,-0.3105,-0.2919,-0.2733,-0.2547,-0.2361,-0.2175,-0.1989,-0.1803,-0.1617,-0.1431,-0.1245,-0.1059,-0.0873,-0.0687,-0.0501,-0.0315,-0.0129,0.0057,0.0243,0.0429,0.0615,0.0801,0.0987,0.1173,0.1359,0.1545,0.1731,0.1917,0.2103,0.2289,0.2475,0.2661,0.2847,0.3033,0.3219,0.3405,0.3591,0.3777,0.3963,0.4149,0.4335,0.4521,0.4707,0.4893,0.5079,0.5265,0.5451,0.5637,0.5823,0.6009,0.6195,0.6381,0.6566,0.6752,0.6938,0.7124,0.731,0.7496,0.7682,0.7868,0.8054,0.824,0.8426,0.8612,0.8798,0.8984,0.917,0.9356,0.9542,0.9728,0.9914,1.01,1.0286,1.0472,1.0658,1.0844,1.103,1.1216,1.1402,1.1588,1.1774,1.196,1.2146,1.2332,1.2518,1.2704,1.289,1.3076,1.3262,1.3448,1.3634],"latte":[0.0,1.0e-5,1.0e-5,1.0e-5,2.0e-5,3.0e-5,4.0e-5,5.0e-5,8.0e-5,0.00011,0.00015,0.0002,0.00028,0.00039,0.00054,0.00074,0.00102,0.0014,0.00192,0.00264,0.00362,0.00496,0.00681,0.00935,0.01284,0.01762,0.02416,0.03309,0.04523,0.06164,0.08368,0.11301,0.1516,0.2017,0.26571,0.34599,0.44454,0.5626,0.70024,0.85594,1.02627,1.20586,1.38761,1.56329,1.72437,1.86301,1.97298,2.05037,2.09396,2.10509,2.08722,2.04527,1.98476,1.91115,1.8293,1.74312,1.65551,1.56842,1.48297,1.39972,1.31882,1.24022,1.16375,1.08927,1.01666,0.94588,0.87696,0.80999,0.74513,0.68257,0.62249,0.56511,0.5106,0.45914,0.41084,0.36581,0.32408,0.28567,0.25053,0.2186,0.18977,0.16389,0.14083,0.12039,0.1024,0.08665,0.07295,0.06111,0.05094,0.04224,0.03486,0.02862,0.02339,0.01902,0.01539,0.01239,0.00993,0.00792,0.00628,0.00496,0.0039,0.00305,0.00238,0.00184,0.00142,0.00109,0.00083,0.00063,0.00048,0.00036,0.00027,0.0002,0.00015,0.00011,8.0e-5,6.0e-5,4.0e-5,3.0e-5,2.0e-5,2.0e-5,1.0e-5],"ks":0.04},{"key":"worst","label":"worst fit","day":177,"rinla":[0.0,0.0,0.0,0.0,0.0,0.0,0.0,0.0,0.0,0.00063,0.00116,0.00168,0.00221,0.00533,0.00983,0.01434,0.01884,0.0316,0.06489,0.09819,0.13148,0.16477,0.21872,0.31402,0.40933,0.55178,0.69449,0.85706,1.02121,1.17358,1.31031,1.41267,1.49253,1.51408,1.50879,1.47879,1.41657,1.34922,1.27572,1.20466,1.13969,1.08336,1.03769,1.00101,0.97201,0.94936,0.93026,0.91397,0.89937,0.88548,0.87066,0.85572,0.83942,0.82023,0.80103,0.77826,0.75322,0.72817,0.69922,0.66844,0.63765,0.60555,0.57113,0.53671,0.50229,0.46842,0.43576,0.4031,0.37044,0.33779,0.30513,0.27608,0.25134,0.22659,0.20184,0.1771,0.15655,0.14122,0.1259,0.11057,0.09525,0.07992,0.07069,0.06546,0.06023,0.055,0.04977,0.04455,0.03932,0.03409,0.02886,0.02363,0.0184,0.01317,0.00895,0.00816,0.00738,0.00659,0.00581,0.00502,0.00424,0.00345,0.00267,0.00189,0.0011,0.00098,0.00086,0.00074,0.00062,0.0005,0.00038,0.00026,0.0,0.0,0.0,0.0,0.0,0.0,0.0,0.0,0.0],"grid":[-0.3592,-0.3367,-0.3141,-0.2915,-0.269,-0.2464,-0.2238,-0.2013,-0.1787,-0.1562,-0.1336,-0.111,-0.0885,-0.0659,-0.0434,-0.0208,0.0018,0.0243,0.0469,0.0694,0.092,0.1146,0.1371,0.1597,0.1822,0.2048,0.2274,0.2499,0.2725,0.2951,0.3176,0.3402,0.3627,0.3853,0.4079,0.4304,0.453,0.4755,0.4981,0.5207,0.5432,0.5658,0.5883,0.6109,0.6335,0.656,0.6786,0.7011,0.7237,0.7463,0.7688,0.7914,0.814,0.8365,0.8591,0.8816,0.9042,0.9268,0.9493,0.9719,0.9944,1.017,1.0396,1.0621,1.0847,1.1072,1.1298,1.1524,1.1749,1.1975,1.2201,1.2426,1.2652,1.2877,1.3103,1.3329,1.3554,1.378,1.4005,1.4231,1.4457,1.4682,1.4908,1.5133,1.5359,1.5585,1.581,1.6036,1.6261,1.6487,1.6713,1.6938,1.7164,1.739,1.7615,1.7841,1.8066,1.8292,1.8518,1.8743,1.8969,1.9194,1.942,1.9646,1.9871,2.0097,2.0322,2.0548,2.0774,2.0999,2.1225,2.1451,2.1676,2.1902,2.2127,2.2353,2.2579,2.2804,2.303,2.3255,2.3481],"latte":[0.0,0.0,1.0e-5,1.0e-5,2.0e-5,4.0e-5,8.0e-5,0.00014,0.00025,0.00043,0.00076,0.00132,0.00227,0.00388,0.00656,0.01099,0.01821,0.02979,0.04799,0.07587,0.11729,0.17669,0.25843,0.36591,0.50033,0.6596,0.83766,1.02464,1.208,1.37445,1.51214,1.61259,1.67184,1.69054,1.67329,1.6273,1.56102,1.48284,1.40008,1.3185,1.24207,1.17305,1.11231,1.05963,1.01414,0.9746,0.93965,0.90796,0.87838,0.84991,0.8218,0.79344,0.76446,0.73459,0.70372,0.67184,0.63904,0.60545,0.57126,0.53671,0.50205,0.46754,0.43343,0.39999,0.36743,0.33598,0.30581,0.27707,0.24989,0.22434,0.20049,0.17836,0.15795,0.13922,0.12215,0.10667,0.0927,0.08017,0.06899,0.05907,0.05031,0.04262,0.0359,0.03007,0.02504,0.02073,0.01706,0.01395,0.01133,0.00914,0.00733,0.00584,0.00462,0.00363,0.00283,0.00219,0.00169,0.00129,0.00098,0.00073,0.00055,0.00041,0.0003,0.00022,0.00016,0.00011,8.0e-5,6.0e-5,4.0e-5,3.0e-5,2.0e-5,1.0e-5,1.0e-5,1.0e-5,0.0,0.0,0.0,0.0,0.0,0.0,0.0],"ks":0.075}],"dataset":"Tokyo rainfall","speedup":18.2}