{"scenario":"366-day binomial · RW2 smoothing","t_rinla":1.509,"t_latte_warm":0.507,"cases":[{"key":"median","label":"median fit","day":76,"rinla":[0.0,0.0,0.0,0.0,0.0,0.0,0.0,0.0,0.0,0.00032,0.00051,0.00071,0.00091,0.0011,0.0013,0.0015,0.00218,0.00395,0.00572,0.0075,0.00927,0.01105,0.01282,0.0146,0.02311,0.03886,0.05461,0.07036,0.08611,0.10186,0.11761,0.13336,0.15804,0.21491,0.27179,0.32866,0.41845,0.52123,0.62401,0.76657,0.91478,1.06298,1.22363,1.38959,1.54754,1.69939,1.82521,1.93309,2.0152,2.05848,2.08113,2.06945,2.03507,1.9795,1.90881,1.82753,1.74066,1.6515,1.56246,1.47643,1.39122,1.31121,1.23155,1.15787,1.08419,1.0145,0.94661,0.87872,0.8165,0.75516,0.69381,0.6355,0.58531,0.53513,0.48494,0.43475,0.38456,0.34784,0.31238,0.27692,0.24146,0.20961,0.18794,0.16627,0.14461,0.12294,0.10127,0.09153,0.08398,0.07643,0.06888,0.06134,0.05379,0.04624,0.03869,0.03114,0.0236,0.01605,0.0117,0.01052,0.00934,0.00817,0.00699,0.00581,0.00464,0.00346,0.00228,0.00154,0.00131,0.00108,0.00084,0.00061,0.0,0.0,0.0,0.0,0.0,0.0,0.0,0.0,0.0],"grid":[-0.8625,-0.8441,-0.8257,-0.8073,-0.7889,-0.7705,-0.7521,-0.7337,-0.7153,-0.6969,-0.6785,-0.6601,-0.6417,-0.6232,-0.6048,-0.5864,-0.568,-0.5496,-0.5312,-0.5128,-0.4944,-0.476,-0.4576,-0.4392,-0.4208,-0.4024,-0.384,-0.3656,-0.3471,-0.3287,-0.3103,-0.2919,-0.2735,-0.2551,-0.2367,-0.2183,-0.1999,-0.1815,-0.1631,-0.1447,-0.1263,-0.1079,-0.0895,-0.071,-0.0526,-0.0342,-0.0158,0.0026,0.021,0.0394,0.0578,0.0762,0.0946,0.113,0.1314,0.1498,0.1682,0.1866,0.205,0.2235,0.2419,0.2603,0.2787,0.2971,0.3155,0.3339,0.3523,0.3707,0.3891,0.4075,0.4259,0.4443,0.4627,0.4811,0.4996,0.518,0.5364,0.5548,0.5732,0.5916,0.61,0.6284,0.6468,0.6652,0.6836,0.702,0.7204,0.7388,0.7572,0.7756,0.7941,0.8125,0.8309,0.8493,0.8677,0.8861,0.9045,0.9229,0.9413,0.9597,0.9781,0.9965,1.0149,1.0333,1.0517,1.0702,1.0886,1.107,1.1254,1.1438,1.1622,1.1806,1.199,1.2174,1.2358,1.2542,1.2726,1.291,1.3094,1.3278,1.3463],"latte":[1.0e-5,1.0e-5,1.0e-5,2.0e-5,2.0e-5,3.0e-5,5.0e-5,6.0e-5,9.0e-5,0.00013,0.00018,0.00025,0.00036,0.0005,0.00069,0.00096,0.00132,0.00182,0.00251,0.00344,0.0047,0.0064,0.00871,0.01181,0.01596,0.02152,0.02891,0.03871,0.05165,0.06862,0.09076,0.11943,0.15623,0.20301,0.26175,0.33453,0.42327,0.52952,0.65412,0.79685,0.95609,1.12859,1.30936,1.49186,1.66839,1.83076,1.97115,2.08293,2.16143,2.20445,2.21235,2.18784,2.13549,2.06099,1.9704,1.86948,1.76325,1.65567,1.54958,1.44684,1.34843,1.25477,1.16583,1.08142,1.00121,0.92492,0.85228,0.78312,0.71731,0.65479,0.59556,0.53961,0.48697,0.43766,0.39169,0.34904,0.30968,0.27354,0.24055,0.21059,0.18354,0.15925,0.13755,0.11828,0.10125,0.08629,0.07321,0.06184,0.05201,0.04355,0.0363,0.03013,0.0249,0.02049,0.01679,0.0137,0.01113,0.00901,0.00725,0.00582,0.00465,0.0037,0.00293,0.00231,0.00182,0.00142,0.00111,0.00086,0.00066,0.00051,0.00039,0.0003,0.00023,0.00017,0.00013,0.0001,7.0e-5,5.0e-5,4.0e-5,3.0e-5,2.0e-5],"ks":0.038},{"key":"worst","label":"worst fit","day":177,"rinla":[0.0,0.0,0.0,0.0,0.0,0.0,0.0,0.0,0.0,0.00063,0.00116,0.00168,0.00221,0.00533,0.00983,0.01434,0.01884,0.0316,0.06489,0.09819,0.13148,0.16477,0.21872,0.31402,0.40933,0.55178,0.69449,0.85706,1.02121,1.17358,1.31031,1.41267,1.49253,1.51408,1.50879,1.47879,1.41657,1.34922,1.27572,1.20466,1.13969,1.08336,1.03769,1.00101,0.97201,0.94936,0.93026,0.91397,0.89937,0.88548,0.87066,0.85572,0.83942,0.82023,0.80103,0.77826,0.75322,0.72817,0.69922,0.66844,0.63765,0.60555,0.57113,0.53671,0.50229,0.46842,0.43576,0.4031,0.37044,0.33779,0.30513,0.27608,0.25134,0.22659,0.20184,0.1771,0.15655,0.14122,0.1259,0.11057,0.09525,0.07992,0.07069,0.06546,0.06023,0.055,0.04977,0.04455,0.03932,0.03409,0.02886,0.02363,0.0184,0.01317,0.00895,0.00816,0.00738,0.00659,0.00581,0.00502,0.00424,0.00345,0.00267,0.00189,0.0011,0.00098,0.00086,0.00074,0.00062,0.0005,0.00038,0.00026,0.0,0.0,0.0,0.0,0.0,0.0,0.0,0.0,0.0],"grid":[-0.3592,-0.3367,-0.3141,-0.2915,-0.269,-0.2464,-0.2238,-0.2013,-0.1787,-0.1562,-0.1336,-0.111,-0.0885,-0.0659,-0.0434,-0.0208,0.0018,0.0243,0.0469,0.0694,0.092,0.1146,0.1371,0.1597,0.1822,0.2048,0.2274,0.2499,0.2725,0.2951,0.3176,0.3402,0.3627,0.3853,0.4079,0.4304,0.453,0.4755,0.4981,0.5207,0.5432,0.5658,0.5883,0.6109,0.6335,0.656,0.6786,0.7011,0.7237,0.7463,0.7688,0.7914,0.814,0.8365,0.8591,0.8816,0.9042,0.9268,0.9493,0.9719,0.9944,1.017,1.0396,1.0621,1.0847,1.1072,1.1298,1.1524,1.1749,1.1975,1.2201,1.2426,1.2652,1.2877,1.3103,1.3329,1.3554,1.378,1.4005,1.4231,1.4457,1.4682,1.4908,1.5133,1.5359,1.5585,1.581,1.6036,1.6261,1.6487,1.6713,1.6938,1.7164,1.739,1.7615,1.7841,1.8066,1.8292,1.8518,1.8743,1.8969,1.9194,1.942,1.9646,1.9871,2.0097,2.0322,2.0548,2.0774,2.0999,2.1225,2.1451,2.1676,2.1902,2.2127,2.2353,2.2579,2.2804,2.303,2.3255,2.3481],"latte":[0.0,0.0,0.0,1.0e-5,2.0e-5,3.0e-5,6.0e-5,0.00012,0.00021,0.00038,0.00067,0.00119,0.00208,0.0036,0.00616,0.01042,0.0174,0.02865,0.04639,0.07362,0.11416,0.17236,0.25258,0.35822,0.4906,0.64782,0.82403,1.00959,1.19204,1.35807,1.4957,1.59627,1.65568,1.67459,1.65768,1.61232,1.54707,1.47034,1.3894,1.30988,1.23561,1.16873,1.11,1.05918,1.01536,0.97728,0.94361,0.91303,0.88439,0.85671,0.82924,0.8014,0.77281,0.74323,0.71255,0.68078,0.64801,0.61439,0.58013,0.54547,0.51066,0.47597,0.44167,0.40801,0.37522,0.34351,0.31308,0.28406,0.25659,0.23074,0.20658,0.18414,0.16341,0.14438,0.127,0.11122,0.09696,0.08416,0.07271,0.06253,0.05352,0.0456,0.03866,0.03262,0.02738,0.02287,0.01901,0.01571,0.01292,0.01057,0.0086,0.00695,0.00559,0.00448,0.00356,0.00282,0.00222,0.00173,0.00135,0.00104,0.0008,0.00061,0.00046,0.00035,0.00026,0.0002,0.00015,0.00011,8.0e-5,6.0e-5,4.0e-5,3.0e-5,2.0e-5,2.0e-5,1.0e-5,1.0e-5,1.0e-5,0.0,0.0,0.0,0.0],"ks":0.069}],"dataset":"Tokyo rainfall","speedup":3.0}