"name","mean","sd","q025","q5","q975"
"(Intercept)",0.612831338343822,0.125421809249542,0.351264083690699,0.618031637677301,0.844943542762988
