{"scenario":"paranaprec","n":616,"n_nodes":407,"n_groups":25,"ks_field":[0.10556678780076822,0.10553012113853166,0.10537178043616602,0.10468366884206837,0.10436151073599065,0.10426179910804945,0.10404342088956842,0.10416404895875486,0.1043785898311832,0.10450042534753656,0.10499044939983004,0.10486557207462788,0.10487514164652145,0.1045637408182124,0.10408953111216124,0.10352787040565137,0.10334932980925823,0.10468706767997663,0.10524768509659235,0.10562297385034433,0.10583172686559794,0.10457137751575189,0.10371819369050828,0.10456967861981203,0.10489216774881527,0.104844363180563,0.10467694003516326,0.10468634688903034,0.10426879724494942,0.10403334114378227,0.1042306781522645,0.10423791832648766,0.104492448563264,0.10475548721399064,0.10518300220361576,0.1054699851190044,0.10529728226947632,0.10509880158979634,0.1047506133740238,0.1047674779090989,0.10503777935842917,0.10515226213846551,0.10516899232496024,0.10551347054798876,0.10581950611491586,0.10574964846093526,0.10546215615753995,0.10429103963710806,0.10352742544654128,0.10481350820011348,0.1057760384886326,0.1043357597848883,0.1039993143532765,0.10543736652180495,0.10555766377558318,0.10509371309070925,0.10591270780943726,0.10483334309209447,0.10413857358190937,0.10534901874899238,0.10450619899354363,0.10494007672773409,0.10493369012624498,0.10419546601932583,0.10447313222803878,0.10445929667154863,0.10437022273123286,0.10448154231967566,0.10466075742381631,0.10459886760446135,0.10491832748180718,0.1049110971524394,0.10561450376675918,0.10550530419274173,0.1053190325521084,0.10539036344725994,0.1052150758674818,0.104288417524527,0.10486776433330192,0.10482984202274559,0.10464284496447585,0.10486530841727393,0.10449862674970145,0.10449183117234184,0.10464179142318675,0.10450628098140691,0.10454903099083313,0.1044550499827287,0.10430367664127971,0.10456536602369759,0.10448858855671317,0.1046729499683624,0.10432629290074524,0.10437535074056681,0.10428087859371427,0.10423827921838691,0.10420189725483087,0.10439621494334794,0.10430123780921219,0.10431130400936461,0.10418598154879044,0.10429325598282346,0.10439274596428605,0.10435821164818482,0.10449225771792958,0.10527210750485783,0.10463057553784505,0.10501373453093144,0.10536773722536241,0.10496954784052126,0.10471499756732605,0.10475246746363265,0.10548805186421983,0.10552179421407448,0.10550230195067334,0.1054091543181116,0.10527960467558561,0.10544879107334326,0.10538168535570003,0.105472382143865,0.10534499049875612,0.10525800461224766,0.10542073197239565,0.10539524137689493,0.10408734528427976,0.10329089505489109,0.1044899696194791,0.10484233631584705,0.1046212157586569,0.1046857842141713,0.10493779393838576,0.10421159175265682,0.10487690135024563,0.1048310355663209,0.10475882540882331,0.10485490823565302,0.10477414643242167,0.10423273474149652,0.104144432773985,0.1047522807441702,0.10414610830835758,0.10486007160526167,0.10455875317178598,0.10443794326274813,0.10437741944941703,0.1041721724381186,0.10458486058453642,0.10469376336519187,0.10441495206794138,0.10466855630169813,0.10446523714253964,0.10422986127758715,0.10433719647092621,0.10440320801430014,0.10444381295752136,0.10436998430752364,0.10424476066004462,0.10431142169508589,0.10442745092650374,0.10460742160009884,0.10425947855465179,0.10459197194727743,0.10474831233142823,0.10469689785931058,0.10501272602314804,0.10472158797234277,0.10444082876645489,0.10425921049941045,0.10440981515986025,0.10495698771527939,0.1046636288095818,0.10514438867867737,0.10480702229149796,0.10516466638356592,0.1052656783239243,0.10509575017249861,0.10467686834842405,0.1046452063494262,0.10501978984924742,0.10472230998656451,0.10476880686495482,0.10518859578991557,0.10570863604589076,0.10537146486809501,0.10547896812928881,0.10570511336343136,0.10492166861770658,0.10418156082763609,0.10478615641590765,0.10544661953052573,0.1044136848768878,0.10598179118654574,0.10470245659827038,0.10500310138206326,0.10386940245534892,0.1038867097833906,0.10393166824859013,0.1047391363585577,0.10485196418849385,0.1037319884274488,0.10497913647544321,0.10367034666691606,0.10465488992920657,0.10505022236908312,0.10495208951037438,0.10506558563827972,0.10499789705995555,0.10481888942783857,0.10503685277654895,0.10511350394033814,0.10494874272168964,0.10454787064752735,0.1043797919983312,0.10418321969874567,0.10439135777814956,0.10432800655017341,0.10444193954348492,0.10427480886111945,0.1041823007203978,0.10417804706449552,0.10494857864656237,0.10491508377734737,0.10435788527710799,0.10467548968300777,0.10450931374195638,0.10428149005310616,0.10428547451843517,0.1041782851462156,0.10431959321772899,0.10415110621241895,0.10470035287187474,0.10454716729590108,0.10462165942050261,0.10508464110961535,0.10537610936200248,0.1051878561111661,0.10517477588994883,0.10521006663321675,0.10564549604291795,0.1047378644553939,0.10509134896207784,0.10488420904895268,0.104888793193044,0.10474598356621656,0.10500284445455943,0.10576533837550228,0.10360368989307511,0.10500214351343407,0.10489947514601117,0.10485857861199543,0.10483725607289929,0.10449099524729488,0.1045059970027733,0.10423623424019401,0.10432062691055455,0.10416305607338983,0.10420458492960893,0.10430847796536469,0.10447668932018417,0.1043126261827042,0.10442700288647921,0.10437053320643352,0.10516521550624602,0.10470790819187958,0.10486232272157003,0.10447365837653699,0.10424487653346595,0.10504745760483303,0.10498408495359723,0.10492535553724147,0.10469730353122475,0.10509073013606396,0.1050795198147918,0.10425272652398287,0.10423407898478589,0.10563293181655117,0.105008292281079,0.1058123122621254,0.10488041011006033,0.10466826815331676,0.10544595122524744,0.10471450839930363,0.10474242507014886,0.10479032517615439,0.104795755865146,0.10415330425445135,0.10460786092162289,0.10491122860982083,0.10443524509882107,0.10475940046467637,0.10450243350189647,0.10424901647213736,0.1045107779267711,0.10472600850479263,0.10498845890750641,0.10467196238874032,0.10430612053881194,0.10446468297132538,0.10420281683422494,0.10425375965439354,0.10436944699443262,0.10484904848921517,0.10521517436017402,0.10462799610996198,0.1044536954126738,0.1044808903298341,0.10526465410313213,0.10429788360088854,0.10474143297340655,0.10354113276240276,0.10489977655266314,0.10550374431474407,0.10419339041644227,0.10473118843784701,0.10427063552810689,0.10487642463009617,0.10419898466235467,0.10421087160385978,0.10454235516596033,0.1045969140110532,0.10529670401592284,0.10458523167098477,0.10451123246355043,0.10524002599153326,0.10443131529542349,0.10493986661164911,0.10528795383239276,0.10188506590901003,0.10229383576659534,0.10286232021147301,0.10360982215749129,0.10338451750643168,0.10224958060699148,0.10107063729053056,0.10202152779983753,0.10150922329996392,0.10297068801235976,0.102327556790618,0.10276901087623536,0.10327467745402197,0.10364097812872908,0.10321129848781274,0.10267296769610457,0.10159208629787198,0.10279708028763457,0.10252864734893463,0.10329762785767171,0.1034863587591146,0.10347643428901687,0.10454754801566102,0.10279588758220004,0.10333582712594902,0.10402961000321598,0.1040508896874579,0.10337866675986829,0.10420557537335562,0.10247300653241773,0.10258296111153604,0.10441592818433743,0.10311830352296547,0.10237538401400648,0.102342823893116,0.10313510865834985,0.10434531269168781,0.1024258997403853,0.10407223419558342,0.10396292227031256,0.10487165314439227,0.10361917910377438,0.10192465462755257,0.10338991999612512,0.10355623191906571,0.10411215963775623,0.10487327724033824,0.1016915875793581,0.10353270391094893,0.1043490926537265,0.10439717716506014,0.10311395133158152,0.10291489681209232,0.10495676679721389,0.10225855248380035,0.10365314682115069,0.10428820229658131,0.10395668578994455,0.10482496212953163,0.10432790096650679,0.10336241172941851,0.10373996955257436,0.10391509383189002,0.10344279517163879,0.10373835562065614,0.10225902099884776,0.10200090791887939,0.10231717668228757,0.10300845858440033,0.10269831866420387,0.10258708159179208,0.10390166845009108,