{"scenario":"paranaprec","n":616,"n_nodes":407,"n_groups":25,"ks_field":[0.10586032483746333,0.10582471485137657,0.10567621265629945,0.10497848865649595,0.10463998219994286,0.10453049614423315,0.10429850095897186,0.10440385286965781,0.10459593643753107,0.10468009343935125,0.10518261404055318,0.10505679452220729,0.10507525544399265,0.10474033884306644,0.10423423985145808,0.10365023464493872,0.10399022099314517,0.10535252875191106,0.10591550119835749,0.10630640075317918,0.10652173680207438,0.10528418359203588,0.10378483927624826,0.10469353224916678,0.1050791850497993,0.10504351849599969,0.10487185464266136,0.10489400889594003,0.10447864037389076,0.10426831628323141,0.1044797973353061,0.1044890705864594,0.10475365497749844,0.10502109644972168,0.10545638602501561,0.1057542166227119,0.10559195880050143,0.10540460108518268,0.10505144988001958,0.10506840420824026,0.10534451095575514,0.10546084569600811,0.10547816410087252,0.10582476369306593,0.10612882811617508,0.1060570233623136,0.10575088812074906,0.10454063962558957,0.10424247967090411,0.10499687718941231,0.10608369087811031,0.10459249504812695,0.10465062136028619,0.10612943994139416,0.10584297656206365,0.10539590236557617,0.1065937190518571,0.10498926449868462,0.1043852443701766,0.10565961160829385,0.10470421311844003,0.10524368387890348,0.10523809486359459,0.10441822222645414,0.10472504875981248,0.10471752514039623,0.10461125313383546,0.10473958174810438,0.10493795728228572,0.10486648620286287,0.10520053499873627,0.1051808370248446,0.10592207193053749,0.10583127873079001,0.10563218025481014,0.10569940895517393,0.10554001002340696,0.10458810890798553,0.10510350374993394,0.10507597986044537,0.1048621817554557,0.10509333474594418,0.10475530852073878,0.10476684777942524,0.10489055308629514,0.1047774124167058,0.10481504655586149,0.10473223652109354,0.10457498227842754,0.10482422541801995,0.10476109080075102,0.10493208156406031,0.10459564296381363,0.10465766775493368,0.10459037333636323,0.10453417945829546,0.10455792586339233,0.10470336318839535,0.10458490309519186,0.10458516686805452,0.10452315203304621,0.1045803833270541,0.10468365410306835,0.10463636946564903,0.1047920727124867,0.10560265993127427,0.10494031007205884,0.1053388628963694,0.10568686876997357,0.10530068659422698,0.10504026327692018,0.10507024849918689,0.10581768631042454,0.10585671041920819,0.10584053501540214,0.10574065028893831,0.10559342697218654,0.10577027879016443,0.10570094843040667,0.10580329265874977,0.10565934999616022,0.10557248887450621,0.10574676944046613,0.10573243238632035,0.10420492155749983,0.10397791546440913,0.10464817517027547,0.10505765639758313,0.10488469595125616,0.10493976781009473,0.10516447849058219,0.10440836453456936,0.1051465318395799,0.10509305467025454,0.10501441064603934,0.1050788187370556,0.10502377669666296,0.10450234923661861,0.10455529252182233,0.10502118232767055,0.10459190866033855,0.10512831921227017,0.10482590802219738,0.104703045357316,0.10464199808207941,0.10444527873046353,0.1048414963518639,0.1049618954172784,0.10468134988724498,0.10493066415655761,0.10473554287890208,0.10452986251795793,0.10462000979189912,0.1046932137099007,0.10472654336854148,0.10464781638122778,0.10452106914134662,0.10458636695185342,0.10469612445887466,0.10488918960496074,0.10452689424290496,0.10489029857999999,0.10505120477443008,0.10500504035538716,0.10532627441963915,0.10503092191319896,0.10473907679495309,0.10455502810730799,0.10470518953443342,0.10526449003173688,0.10496642553749969,0.1054674565065502,0.1051219688256132,0.10549425728965078,0.1055875561802534,0.10541798762942223,0.10499582784915473,0.10494998595477201,0.10535224211921945,0.10505899995827384,0.10509102067726295,0.10550911618952918,0.10602470723617718,0.10570429373086399,0.1057989540346379,0.10602597078691967,0.105480804896251,0.1047257953332786,0.10541156176611831,0.10610324941164775,0.10502925249639648,0.10662515166446651,0.10491463446143412,0.10525541297622909,0.1040402666288971,0.10442131169386124,0.10416178305495072,0.10497968559623527,0.10511119072044195,0.10395037692090658,0.10524979735989082,0.10425040516931912,0.10493043888904174,0.10529442455211302,0.10520292600798542,0.10533310450466293,0.1052690564727653,0.10509210650286593,0.10529641380514787,0.10536845117975369,0.1052196320832135,0.10482662207208027,0.10481455424840644,0.10446950489632612,0.10466168001157738,0.10476813784643887,0.1048776311959171,0.10471892225124221,0.1044642085709444,0.10462011642183433,0.10524907676933848,0.10522167995627518,0.10464560618545193,0.1049780175136168,0.10480408779783923,0.10457364950805792,0.10456683439080938,0.10462026697037943,0.1046043348485991,0.10459304695682241,0.10500722185466249,0.10484533010123054,0.10491848125640335,0.1053922411336059,0.10569569592327677,0.10549674153841604,0.10551422749889061,0.1055196389041525,0.10596064406250016,0.10506879076237363,0.10542900996299975,0.10521756930404569,0.10522874376840763,0.10506192802404635,0.10530697859261262,0.10608598720103857,0.103911388690003,0.10522371003944841,0.10513919449553244,0.10508830224966281,0.10504692314520203,0.10474964101195972,0.10474973272404176,0.10452750686314494,0.10457329932899251,0.1045915602105339,0.1045195364588299,0.10457096994497994,0.10478198091355384,0.10458977205107611,0.1047186093844199,0.10465992733348217,0.10547721618190453,0.10500127161287753,0.10516513311427123,0.10475515509574007,0.10487524593662717,0.10526242242743822,0.10518647079416799,0.10525376560936694,0.10496742214220522,0.10535844384119086,0.10539310231302734,0.10441717547090623,0.10467602684483536,0.10623257405392239,0.10523012890849992,0.10611356967155294,0.10509476452418132,0.10496914646649402,0.10608784647042113,0.10501793523366398,0.10504697695512999,0.10503618127614867,0.10505122694629065,0.10436052027792375,0.10482514672870702,0.10509543535615229,0.10472253066035964,0.10535353967362078,0.10518002213878194,0.10454543944435168,0.10480470262430086,0.10495597021663416,0.10522710877343167,0.10497716109247301,0.10457638838889116,0.1047064498082858,0.10455300570995821,0.10452862589907586,0.10464542039203173,0.1051669694878481,0.10549427623096075,0.10489289393164447,0.10472298592048779,0.10474503393636603,0.10559825617392438,0.10456891086806175,0.1050741822791944,0.10413612674385325,0.10512257247341417,0.10583412746195442,0.10449450766763926,0.10498726816440196,0.10471512478317546,0.10520928810510266,0.10446925295952947,0.10454583637538734,0.1048424181903368,0.10488353967266795,0.10562258088593024,0.10488202830726001,0.10482683652680747,0.10556414562058158,0.10466668525682943,0.10526778376910717,0.10560613858836987,0.10213300272809578,0.10245731496321397,0.10365216535174368,0.10442581728254885,0.10419993093634339,0.10308321887832507,0.10151780026074714,0.10242844442425128,0.10191053801932046,0.10327907449746265,0.10265795647223486,0.10309169116648942,0.10362224804003861,0.1039670104410233,0.10354066068909551,0.10299294931700109,0.10207924487135261,0.103086782346414,0.10272176503406183,0.10362695111068354,0.1036186110854459,0.10368291463481327,0.10486778552580522,0.10312411426838741,0.10364499216698075,0.10433118248526374,0.10438383398037943,0.10369552938669613,0.10451674555563284,0.10322380151888,0.10328953049302238,0.10471725299731749,0.10338573340985846,0.10254851620046046,0.1025572513771692,0.10335541813648719,0.10509393604305645,0.102705715194089,0.10418531219952432,0.10426460867689546,0.1056372309328892,0.10392770575762744,0.10248347094688115,0.1036233114279953,0.10371357056318553,0.10489114989190244,0.1051926277237587,0.10251368599207274,0.103707862861952,0.10465327303520255,0.10468715035457965,0.10340906117797821,0.10336910941153957,0.10523273399151833,0.10303496111267992,0.10436259449427819,0.10444598397975768,0.10414544736639175,0.10513803686344947,0.10462853394131377,0.10362556106285747,0.10400346539568706,0.10420357211794973,0.10367878926739749,0.10386760870940515,0.10239883550315876,0.10212509675640546,0.10260497856302431,0.10317403488280341,0.10290943736693003,0.10267642779342101,0.10417671324755151,