{"scenario":"paranaprec","n":616,"n_nodes":407,"n_groups":25,"ks_field":[0.10586247794541082,0.10582689004696688,0.1056784253605928,0.10498063068529606,0.10464212055922273,0.10453268247875047,0.10430070164371252,0.10440609700898518,0.10459817668929328,0.10468230921493071,0.10518485486459528,0.10505900163764859,0.10507745279491576,0.1047425425291747,0.10423645580359708,0.1036524576427249,0.10399238017197138,0.10535449524042495,0.10591735221207665,0.10630813177263651,0.10652340977762087,0.10528594678252569,0.1037874243117658,0.10469600319553185,0.10508149970386915,0.10504577740590237,0.10487409911149925,0.10489625524973767,0.10448085853013067,0.10427049747110939,0.10448202978232968,0.10449133273289346,0.10475587613511506,0.10502334174509753,0.10545867965439937,0.10575648060489029,0.10559412968804349,0.10540666832789158,0.10505343214471985,0.10507037839673417,0.10534654180129344,0.10546288044208918,0.10548018781794188,0.10582685009925741,0.10613096520135978,0.10605915537702615,0.10575318789063592,0.10454291368256796,0.10424428565496993,0.1049991056514159,0.10608583127565763,0.10459472205373332,0.10465271647638938,0.10613117143413194,0.10584527913122477,0.10539808634684755,0.10659541318055224,0.10499165939553479,0.10438747955236005,0.1056616636126938,0.10470644683708996,0.10524568729012362,0.10524011426329916,0.10442042235394777,0.10472736931848836,0.10471982014597014,0.10461346087175605,0.1047419025213534,0.10494020953454197,0.10486873275163011,0.10520280613132349,0.10518309895979594,0.10592430649152618,0.10583351512037842,0.10563442823595448,0.10570154854828084,0.10554208137074039,0.10459038090811656,0.10510578715104146,0.10507824658238774,0.10486443756097352,0.10509555726875464,0.10475757445373945,0.10476913594278847,0.10489282690049329,0.10477972210864572,0.10481734399542386,0.10473455685046351,0.10457726164445014,0.1048264815721971,0.10476335368538325,0.1049343752143288,0.10459787222287054,0.10465994859695704,0.10459258721500642,0.10453643823113912,0.10456012430698289,0.10470562783158555,0.10458719258261584,0.10458746883537329,0.10452535448852648,0.10458265132151612,0.10468589493756708,0.10463864732084605,0.10479438594184187,0.1056049404945214,0.10494259927192262,0.10534106202977411,0.10568918915789649,0.10530291184411611,0.1050424915840279,0.1050724864673257,0.10581999333824244,0.10585899353539718,0.1058427628182661,0.1057427879893178,0.10559553977361247,0.10577249241292297,0.10570324802321873,0.10580553229597722,0.10566150100679217,0.10557458665616759,0.10574894787991673,0.10573461977670573,0.10420741609562967,0.10397976386688196,0.10465058915456171,0.10505995740385066,0.10488688449070738,0.10494193198922219,0.10516674540171045,0.10441068859169456,0.10514873070032504,0.1050952587403653,0.10501661176809463,0.1050810411548726,0.10502600115416505,0.10450449038363385,0.10455753953273131,0.10502339223713542,0.10459426767389768,0.10513056828274525,0.10482809994938513,0.10470520984855314,0.1046441704609975,0.10444757542045147,0.10484371574783591,0.1049641815582405,0.10468360141100097,0.10493294603805225,0.10473781840684615,0.10453205422434417,0.10462229225998376,0.10469551027262036,0.10472885137966037,0.1046501208373205,0.10452335448501271,0.10458863230009618,0.10469843046462168,0.10489156540070255,0.10452914526979018,0.10489256124894619,0.10505347206941051,0.10500733830498177,0.10532854811629166,0.10503317918054611,0.104741329559356,0.10455724386223841,0.10470743619051903,0.10526677382332195,0.10496871580720346,0.10546961115851872,0.10512419825778396,0.10549635536070012,0.10558978647418382,0.1054202237594416,0.10499802677719672,0.10495223577201507,0.10535438761460292,0.10506112597921669,0.10509321253382498,0.10551121485993809,0.10602687199870908,0.10570645788113475,0.10580107531256111,0.1060281495508284,0.10548291906818835,0.10472800652106305,0.10541354927295692,0.10610509309127147,0.10503126608644382,0.10662695424005617,0.10491682191542939,0.10525761793550226,0.1040425701554415,0.10442350874578821,0.10416401584242974,0.10498190933085716,0.1051133951617268,0.10395263373645902,0.10525200318763184,0.1042524957917995,0.10493269658632975,0.10529663261340871,0.10520514592721886,0.10533532297481218,0.10527129545185032,0.10509435377787879,0.10529864129857802,0.10537067784873722,0.10522189652759883,0.10482884820240879,0.1048168499628081,0.10447168551064645,0.10466392541468561,0.10477037513365589,0.1048798976468689,0.10472114955123135,0.10446642102203918,0.10462238604754293,0.10525140408668376,0.10522398235248931,0.10464791480685343,0.10498027477772376,0.10480638537381404,0.10457589965757763,0.10456914879694168,0.10462244068816795,0.1046066616143595,0.10459523062176963,0.10500950666181597,0.10484764035898053,0.1049207695390898,0.10539455934020936,0.1056979625050265,0.10549906301074807,0.10551638104802019,0.10552194061223719,0.10596291610803155,0.10507096366433533,0.10543122953982365,0.10521977218848333,0.10523089549791642,0.1050641529567009,0.10530928061351752,0.10608815538935723,0.10391354719684483,0.10522590860770564,0.10514147465909218,0.10509059269802379,0.10504917913655654,0.10475191320643307,0.10475198225434745,0.1045296942941153,0.10457556119632261,0.10459373952075224,0.10452175680915037,0.10457326184694404,0.10478423212408139,0.10459203671311712,0.10472084144583749,0.1046622079553513,0.10547943302872287,0.10500350353929577,0.10516733636418507,0.10475738091521603,0.10487734228558049,0.10526467938560968,0.10518873258600148,0.1052559305153491,0.10496964822302735,0.1053606926490881,0.10539513811014167,0.1044194094103974,0.10467820985662092,0.10623455335607604,0.10523235159991606,0.1061157515944452,0.10509695108885897,0.10497146587293449,0.10608969864176895,0.10502020097329001,0.10504920706325782,0.10503839100524925,0.10505348330187758,0.10436280089638517,0.10482739607167879,0.10509779219725046,0.10472482584388543,0.10535556089682209,0.10518189019509575,0.10454767924611463,0.1048070330235189,0.10495817465652546,0.10522930171121492,0.10497942113588088,0.10457870324193719,0.1047086801669217,0.10455521313598196,0.10453088973053726,0.10464771698693587,0.10516922333007572,0.10549657232258047,0.1048951252525131,0.10472524760332336,0.1047473589146457,0.10560052338939308,0.10457113573048571,0.10507633468471755,0.10413819717160244,0.10512482131661294,0.1058363184690303,0.10449673952175445,0.1049895557466789,0.1047173223453845,0.10521142479533363,0.10447141375458024,0.10454804710065077,0.10484467228638195,0.10488572873049529,0.1056246898222577,0.10488429610231942,0.10482907413112763,0.10556642271314076,0.10466894245317138,0.10527002885587078,0.10560831543466709,0.102135052179683,0.10245938424684908,0.10365392000655654,0.10442735731941208,0.10420146839611324,0.10308482181568297,0.10151950945601759,0.1024305478759438,0.10191262689188646,0.10328124125638372,0.10265987327575055,0.10309354263935844,0.1036242059948832,0.10396905186736316,0.10354270198703208,0.10299494581706592,0.10208131415459068,0.1030889205654466,0.10272384619998365,0.10362882689920938,0.10362074626828766,0.10368505231367853,0.10486976533385028,0.10312595753815734,0.10364706167297066,0.10433317504462747,0.10438585410581058,0.10369756099656458,0.1045186549413677,0.10322575828699174,0.10329160132529379,0.10471933065840389,0.10338784618682839,0.10255076539149166,0.10255939590944474,0.1033575449287103,0.10509562895282484,0.1027077268602058,0.10418774909025752,0.10426665573667848,0.10563874755781964,0.10392958445540479,0.10248557627178317,0.10362543647921874,0.10371568061350978,0.10489271595520645,0.10519468073335847,0.1025153495258667,0.10371009628630246,0.10465519358585829,0.10468930664344112,0.1034112369780702,0.10337124774099965,0.10523500542571107,0.10303666593884218,0.10436456225498862,0.10444816363367593,0.1041476212162682,0.10514001878166113,0.10463049982603245,0.10362762973428086,0.1040056138532377,0.10420562572803427,0.10368098310479273,0.10386979266032059,0.10240091026604148,0.10212747975121428,0.10260707614215181,0.10317612044475377,0.10291151919254193,0.10267888353071641,0.10417890385678552,