{"scenario":"paranaprec","n":616,"n_nodes":407,"n_groups":25,"ks_field":[0.10585836224576473,0.1058227215843156,0.10567416332331736,0.10497638146601629,0.10463791791692578,0.10452852334646656,0.10429651926156891,0.10440190149116602,0.10459403566175274,0.10467822867247356,0.10518087517011487,0.10505507182427365,0.10507355948069852,0.10473874582119869,0.10423265082433297,0.10364860731400116,0.10398816726204341,0.1053505827965239,0.10591359116328544,0.10630450079195397,0.10651985147883919,0.10528219837698925,0.10378335761268487,0.10469206572009349,0.10507755969064092,0.10504180746824787,0.10487009987804441,0.10489222513180074,0.10447676269495099,0.10426632499131305,0.10447781994831251,0.10448707419505232,0.10475164132195447,0.10501902225403836,0.10545434664357656,0.10575226737847643,0.1055900334400185,0.10540267572137418,0.10504950610461794,0.10506646981462953,0.1053426052346429,0.10545895348808254,0.10547627564426543,0.10582290984188492,0.10612697066611698,0.1060551279275932,0.10574889090197759,0.10453866480774987,0.10424034225787687,0.10499508540059843,0.10608186020726251,0.10459048921809744,0.10464862357276353,0.10612753923680636,0.10584100780888095,0.105393820271109,0.10659184350816256,0.10498773307481013,0.1043832854096054,0.1056577408560736,0.10470234276677759,0.10524177053632933,0.105236162495009,0.10441629626699422,0.10472312295159047,0.10471558865913466,0.1046093339544778,0.10473767264215206,0.10493602176719585,0.10486455163303188,0.10519856080678314,0.10517880570370064,0.10592013063556971,0.10582925377662045,0.10563013340926508,0.10569749295970465,0.10553806889885031,0.10458618213516468,0.10510174426175256,0.10507422412239431,0.10486037214678412,0.10509157250800438,0.1047534088852985,0.10476497566491472,0.1048887270402391,0.10477550016447779,0.10481317129173384,0.10473033637226992,0.10457312775025263,0.10482245360426956,0.10475925006057718,0.10493027053474624,0.10459381713655913,0.10465572625897279,0.10458842966977056,0.10453222645114679,0.10455638192167094,0.10470145229722327,0.10458297647895953,0.1045832922056873,0.10452154581137663,0.10457844688508211,0.1046817260332914,0.10463444760541563,0.10479017894282938,0.10560065509610106,0.10493842423439936,0.10533679431302401,0.10568489779168033,0.1052987013953447,0.105038324426045,0.10506828546122982,0.10581568844348854,0.10585471594186424,0.10583852014149431,0.10573868669147524,0.10559152092154667,0.10576832778172385,0.10569895799702533,0.10580128619266893,0.10565743853697851,0.10557058061640767,0.10574482716917777,0.10573046521472673,0.10420348719136807,0.10397573617474565,0.1046467389174559,0.10505614753415515,0.10488289016088626,0.10493795170305509,0.1051628455735254,0.10440690762247318,0.10514481052725733,0.10509134106515516,0.10501264319914216,0.10507707410555567,0.10502221611446194,0.10450049423967356,0.10455364888842336,0.10501939770752156,0.10459029109141657,0.10512653748734924,0.10482409223685762,0.10470121723514059,0.10464017952306304,0.10444362245981739,0.10483971626969324,0.104960141533458,0.10467956312375382,0.10492890875554939,0.10473374762723342,0.1045282999788266,0.10461809630474739,0.10469129416461709,0.10472464747491317,0.10464594082460099,0.10451919619322803,0.10458453123012168,0.10469431213984637,0.10488732185236505,0.10452507438105652,0.10488839044259857,0.10504928956659243,0.10500315746222288,0.10532434328666263,0.10502900719932406,0.10473712872563157,0.10455304347851047,0.104703249444136,0.10526255697065012,0.10496452343084595,0.1054654816897983,0.10511997543079388,0.10549229394885995,0.10558554725597291,0.10541595328285258,0.10499381671986519,0.10494806355457365,0.10535023514099362,0.10505691023979913,0.10508898075384021,0.10550718884846011,0.10602285404789635,0.10570232862416518,0.10579707329346988,0.10602409405426483,0.10547892069197423,0.10472385518647577,0.10540963256030168,0.10610137480978049,0.10502728344211447,0.10662330751726781,0.10491310844771795,0.10525381608451567,0.10403881994655906,0.1044193045438441,0.10416032985608481,0.10497821960303055,0.10510963349830194,0.10394888076739117,0.10524809859698214,0.10424831775814518,0.10492866909215537,0.10529268586169493,0.1052011556712743,0.10533141497144549,0.10526729254268608,0.10509034264007178,0.10529465387140591,0.1053667532229341,0.10521787483002598,0.10482483419587596,0.10481293677779757,0.10446766540443597,0.10465988941380366,0.10476654867466076,0.10487603930593799,0.10471729462872953,0.10446238201768554,0.10461847972257807,0.10524723202671693,0.1052198209495191,0.10464369344561919,0.10497611557411413,0.1048021691627461,0.10457169174397996,0.10456492388156624,0.10461868976304337,0.10460242910777351,0.10459147510764048,0.1050053220936199,0.10484342077871045,0.10491657854534886,0.10539038970289538,0.10569366637312927,0.10549485602374498,0.10551218820595798,0.10551769248413101,0.10595867095996636,0.10506676843147478,0.10542695560418269,0.10521555877353428,0.1052266674373662,0.10506000101760182,0.10530511705043422,0.10608406275140658,0.10390929680483076,0.10522200932778902,0.1051374498437192,0.105086551037613,0.1050451378236652,0.10474785401001951,0.10474789188327982,0.10452591506682063,0.10457138937401589,0.10458996525707687,0.10451790286820932,0.10456904904221509,0.10478003797072888,0.10458783780214498,0.10471668263918754,0.10465799116490127,0.10547515591023593,0.10499936384586972,0.10516312727369947,0.10475324751033055,0.10487327910491015,0.10526069249613279,0.10518472083218622,0.10525171097492636,0.10496563549081128,0.10535670591842972,0.10539117457626934,0.104415663192021,0.104674436692702,0.10623074033065763,0.10522839041920629,0.10611164412870366,0.10509314697030858,0.10496725261366535,0.10608595522674572,0.10501602540689925,0.10504498883537583,0.10503440294050781,0.10504946257327263,0.10435909493714268,0.1048233040703247,0.10509392011585272,0.10472061007633338,0.10535160418577973,0.10517804904691602,0.10454349852722566,0.10480280294917899,0.10495447873503583,0.10522549210033971,0.1049752686338783,0.10457448551624648,0.10470497685345614,0.10455144293196483,0.10452675649843945,0.1046435572215152,0.10516504738435128,0.10549227418858165,0.10489110649917743,0.10472106577592721,0.10474311963176941,0.10559625577512743,0.10456697671827486,0.10507211966061547,0.10413406397693833,0.10512088027001709,0.10583213726984764,0.10449285123880786,0.1049854975915141,0.10471351762651232,0.10520723932400977,0.10446741053220987,0.10454430007995427,0.10484049330078649,0.10488156188728437,0.1056206467509383,0.10488012380255385,0.10482491045682496,0.10556215020608861,0.10466480472315176,0.10526581323509232,0.10560418778815128,0.10213057952490778,0.10245514148050683,0.10364988688381033,0.10442358664421342,0.10419769703441487,0.10308083936700767,0.1015151518748657,0.10242645535363445,0.10190859987195566,0.10327671023279006,0.10265563925407428,0.1030894627570329,0.1036200614154793,0.10396475464156463,0.10353830633177419,0.10299042009867365,0.10207688521045483,0.10308434100035824,0.1027195154782411,0.10362480225471216,0.1036168060916891,0.10368081674244833,0.10486580555550828,0.10312189236305369,0.1036427666334574,0.10432911261560507,0.10438170806755753,0.10369313485927167,0.10451473813914092,0.10322153507659523,0.10328733765898941,0.1047150672486864,0.103383441903106,0.10254645322772671,0.10255505624214445,0.10335330942082732,0.10509185287133707,0.10270330292317742,0.10418369348468726,0.10426230775733136,0.10563517658229014,0.10392561052195726,0.10248156935192321,0.10362118245301011,0.10371157451262358,0.10488903446091781,0.10519062649763611,0.10251120517187064,0.10370594744190165,0.10465129011701801,0.10468506355325158,0.10340667306692364,0.10336739396117564,0.10523066778120205,0.10303258183755733,0.10436050335803763,0.10444428121503635,0.10414345959426496,0.1051361045894601,0.1046265266059031,0.10362335588886573,0.10400128118029872,0.10420132306556718,0.10367706866439824,0.10386592141517847,0.10239676361359362,0.10212313186540545,0.10260250247815206,0.10317192173940493,0.10290718599690807,0.10267463582572822,0.10417445792132685,