{"scenario":"paranaprec","n":616,"n_nodes":407,"n_groups":25,"ks_field":[0.10585941439319901,0.1058237831693648,0.10567524089577207,0.10497746276264142,0.10463898703994567,0.10452957462818557,0.10429757305881482,0.10440295284523327,0.10459507590259065,0.10467925889509977,0.10518187980337301,0.10505606897214137,0.10507454946016959,0.10473971001818516,0.10423361304819467,0.1036495768531781,0.10398922901936622,0.10535160350448564,0.10591459323974708,0.10630548893053099,0.1065208296191934,0.10528320860741523,0.10378432547242122,0.10469302310250617,0.1050785434482614,0.10504280695347035,0.1048711079593817,0.10489324082318496,0.10447779712462102,0.10426738224392917,0.10447887879497553,0.10448813914122723,0.10475270742078058,0.10502010612058088,0.10545542796241092,0.10575332451256103,0.1055910754944045,0.10540370771142715,0.10505053281403831,0.10506749327036713,0.1053436276811458,0.10545997310871602,0.10547729308498299,0.10582392596705292,0.10612799472351098,0.10605616173793664,0.10574996388589986,0.10453972650030985,0.10424139168913316,0.10499610083959676,0.10608287650503956,0.10459155337748038,0.1046496678627595,0.10612852663734344,0.10584207403663515,0.10539490161305798,0.1065928219351546,0.10498870071582123,0.10438433752076426,0.10565875733773378,0.10470337590849521,0.10524279211426824,0.1052371909129638,0.10441734047789608,0.10472417762453323,0.10471664366583933,0.10461037775723103,0.10473872269137063,0.10493707236161931,0.1048656013522562,0.10519962352277079,0.10517988151125868,0.10592118437874709,0.10583032777492973,0.10563121302614675,0.10569853084637537,0.10553910607695893,0.10458723069898612,0.10510275810846437,0.10507523485391401,0.1048613951764843,0.10509258136033184,0.1047544533035506,0.10476601394821405,0.10488975532465772,0.1047765502616993,0.10481421235888311,0.10473138392494341,0.10457415971047657,0.10482346548560018,0.1047602786334424,0.10493129652248012,0.10459483792049451,0.10465677945864915,0.10458947713355848,0.10453327951345837,0.10455732634014764,0.10470249719187963,0.10458402638651265,0.10458433094807362,0.10452250539797087,0.10457949713322656,0.10468277254274294,0.10463549570892527,0.10479122453303691,0.10560172764857556,0.10493946659441644,0.10533787323741728,0.10568596582236245,0.10529976285087184,0.10503937425561372,0.10506934197769602,0.10581676221579972,0.10585578704731224,0.1058395909680988,0.10573973632533429,0.10559255226166808,0.10576938064366004,0.10570002851565186,0.10580235528219462,0.10565847519356697,0.10557161143030669,0.1057458747988611,0.10573152011993159,0.10420443787914002,0.10397679848418123,0.10464768424607507,0.10505710214549002,0.10488390504874323,0.10493896716005824,0.10516382752528264,0.10440784933113567,0.10514580753036662,0.10509233653378802,0.10501365089415671,0.10507807855648288,0.10502317628875935,0.10450151380759609,0.10455462164750665,0.10502041021898045,0.10459126766878271,0.10512755305533472,0.10482510933048694,0.1047022338999829,0.10464119402928129,0.10444460234976446,0.10484072707651926,0.10496115206874013,0.1046805769344965,0.1049299194661274,0.10473476575803331,0.10452924770336655,0.10461914278310913,0.1046923436366397,0.1047256925406217,0.10464698033222453,0.10452023292332602,0.10458555740555253,0.10469533700734612,0.1048883674578035,0.1045260952340582,0.10488943545690943,0.10505033702989253,0.10500420028839408,0.10532539634539284,0.10503005397369691,0.10473818167738702,0.10455410055880598,0.10470429980712481,0.10526361093629433,0.10496556992194006,0.1054665333004321,0.10512103790706573,0.1054933376095587,0.10558661487404475,0.10541702708974932,0.10499488006035984,0.10494911055541856,0.10535129360264917,0.10505798539400557,0.10509005041322117,0.10550822373279856,0.10602387890252052,0.10570338056552575,0.10579809993240297,0.10602512657885343,0.10547994033121338,0.10472489591936233,0.10541065244814603,0.10610236688724309,0.10502831369031022,0.1066242889114381,0.10491405565777678,0.10525478379639186,0.10403975499923257,0.10442036039053954,0.10416126108910484,0.10497915584347572,0.10511059104904674,0.10394982425883825,0.10524909117448689,0.10424938291221934,0.10492968076731668,0.10529368823885266,0.1052021661363588,0.10533240678219025,0.10526830332180137,0.10509135314736673,0.10529566301116133,0.10536774788941916,0.10521888586598616,0.10482584707233633,0.10481390855769329,0.10446868478110061,0.10466090429192965,0.104767507833885,0.10487700232262646,0.1047182621801388,0.1044634007833789,0.10461945269920092,0.10524826870481208,0.10522085857191799,0.10464474236333587,0.10497715863464396,0.10480321917187152,0.10457274575733466,0.10456597244019328,0.10461963977305644,0.10460347785113733,0.10459242453836969,0.10500636714692924,0.10484446985749896,0.10491762447345587,0.10539142756834952,0.10569474401092893,0.10549590278384957,0.10551325646457155,0.10551875237812791,0.1059597367034022,0.10506783254981378,0.10542803362669195,0.10521662365559215,0.10522774304309235,0.10506104734248567,0.10530615538236021,0.10608510758630096,0.10391036816171016,0.10522300134273144,0.10513845911189346,0.10508756259400875,0.10504615435035058,0.10474887080452355,0.10474891943324816,0.10452686903995015,0.10457243344447009,0.1045909196612696,0.10451886999758984,0.10457009809371309,0.10478108921697105,0.1045888874367994,0.104717727951397,0.10465904300810736,0.10547623527070793,0.10500040577058245,0.1051641907831411,0.10475428786591268,0.10487431710340156,0.10526169682877218,0.10518573007800902,0.10525278202784127,0.10496664899765062,0.10535771194787835,0.10539220405029792,0.10441660928987961,0.10467539088005941,0.10623173493602284,0.10522939361501082,0.10611269096035669,0.10509411711529326,0.10496829938546781,0.10608695375759711,0.10501707156798246,0.10504605031164227,0.10503541386694115,0.10505047404561574,0.10436002406497613,0.10482433251553958,0.10509488098443631,0.10472166011893191,0.1053526285104981,0.10517906697549256,0.10454454717085293,0.10480385153598737,0.10495541920744822,0.10522646332821317,0.10497630938363955,0.10457553245887186,0.10470591484536396,0.10455239260262061,0.10452779012654678,0.10464459305010121,0.10516609608645955,0.1054933471448053,0.1048921204117319,0.10472211256053099,0.10474417151391868,0.10559732588070081,0.1045680225770862,0.10507319116224212,0.10413511982796858,0.10512187465283696,0.10583319896744847,0.10449382539152399,0.10498651312710328,0.10471447733052919,0.10520830617878973,0.10446842840303971,0.10454524376152613,0.10484154143529156,0.10488261617615668,0.10562168568474839,0.10488116830956362,0.10482595710452036,0.10556321996103446,0.10466584202622264,0.10526687302486648,0.10560523617370687,0.10213171767010187,0.10245622462323223,0.10365096188738979,0.104424629609114,0.104198740653456,0.10308192350495919,0.10151630492334338,0.102427484333392,0.10190961493742337,0.10327785007073609,0.10265674220713994,0.10309053875406726,0.10362113845833243,0.10396586095066973,0.1035394357187539,0.10299158298262967,0.10207800480003393,0.10308549672021505,0.10272061800664034,0.10362586186680711,0.10361780958791,0.1036818901911507,0.10486683767522853,0.10312296566796142,0.10364386420309768,0.10433016759699287,0.10438278024387249,0.10369427226568317,0.10451576973088017,0.10322262563537687,0.10328842114558483,0.10471616200512668,0.10338455963795212,0.10254752759226082,0.10255615367189042,0.10335438658403495,0.10509287780026827,0.10270443594689083,0.10418468192030916,0.10426342436371572,0.10563617736395058,0.1039266593433984,0.10248257790325524,0.10362226127760044,0.10371262229480283,0.1048900540032691,0.1051916739692842,0.10251231824138961,0.10370698830174063,0.10465231791494012,0.10468613902515911,0.10340782022185802,0.10336836458341947,0.10523175177814614,0.10303367470543472,0.10436155584910466,0.10444526824060907,0.104144512561536,0.10513712670925401,0.10462756525615546,0.10362444742162691,0.10400237840801108,0.10420242664814772,0.10367804690069568,0.103866902468008,0.10239782139915554,0.10212419232007708,0.10260366149519762,0.10317299349724851,0.10290828840930566,0.10267566196096001,0.10417557666688138,