{"scenario":"paranaprec","n":616,"n_nodes":407,"n_groups":25,"ks_field":[0.10680871207790787,0.10670606685883999,0.10643882771667479,0.10552908842194153,0.10514711355197226,0.10505725279894951,0.10480824869715588,0.10494430495587848,0.10516570331944608,0.10528702246216748,0.10587677326357448,0.10573661184133432,0.10574777751084863,0.10540302925694012,0.10484308815525023,0.10418048566033422,0.10448861544292774,0.10618612204508188,0.10681843605594726,0.10730772669400958,0.1075904258867168,0.10601234892490602,0.10473928690381007,0.10563745524603796,0.10588298248568928,0.10577001687672227,0.10558968942589919,0.10558563781789787,0.10511338152751304,0.10480129334219845,0.10504591437953281,0.10512610249390575,0.10538606511143933,0.10574629145566139,0.1063044974104208,0.10670228429850759,0.10647555134284092,0.10616595989083477,0.10576566714240487,0.10578165707772191,0.10609344380763097,0.10623787487738368,0.10629256740322213,0.10672823951432697,0.10715161369336235,0.10704746955990507,0.10658514178380318,0.10516209817526934,0.10454083651223645,0.10564832617765763,0.10711386049338212,0.1052040135505452,0.10531897247091539,0.10707676048518594,0.10676464382368223,0.10604472401366671,0.10765947844777707,0.10588253031946515,0.10491526201945833,0.10650850003382117,0.10529525396461503,0.10597350017189655,0.10596525625273934,0.10499502688008311,0.10539184097002918,0.10533964773885285,0.10515688327408357,0.10541381750196288,0.10559185665027959,0.1055068978333028,0.10590748084791113,0.10589902171057708,0.10677464077357712,0.10658949915749605,0.10635415002970916,0.10649500757619901,0.10623074910830022,0.10516829593885024,0.10580529968286523,0.10574758375200144,0.10552406260005087,0.10574247086422583,0.1053518114412344,0.10536511957744554,0.10553636546459888,0.10540020466493849,0.10544588481764783,0.1053536685977593,0.1051469427428634,0.10544089619741925,0.10534956238270032,0.10558849714074103,0.10513063522846267,0.10522875099825002,0.10513545316986939,0.10506854158241274,0.1050231175902635,0.10531158732612955,0.10515465267636848,0.10517020333816374,0.10498985039018371,0.10514004580974334,0.10527741498633758,0.10523602918263653,0.1054536016444052,0.10635177571578658,0.10561348833478823,0.10595267226900806,0.10649757013385552,0.10595297968919926,0.10566863878239596,0.10570764299774049,0.10663046528234721,0.10665681552689088,0.1065939307266609,0.1064603476582674,0.1063468403250789,0.10656062896563934,0.10649734503960406,0.10657283616313296,0.10643831568987061,0.10632159315930301,0.10652081771162425,0.1064993191209529,0.1050655067532863,0.10416298851543637,0.10550527254813713,0.10585634851636772,0.10547359161364378,0.10550332421032749,0.10591669901299672,0.10513949896226238,0.10581256589120824,0.10576139377525984,0.10564169726588879,0.10574121943295389,0.10575129825824792,0.10497552202480764,0.10502249439069669,0.1056583183221369,0.10518544970287386,0.10582074770605476,0.10540598627106501,0.10522719858943719,0.10515249681760519,0.10494665590539883,0.10543114217856375,0.10562710253044094,0.10526798974242357,0.10561961523399543,0.10534260855553657,0.10505202393079272,0.10518239860313638,0.10528324170282,0.10532897565277355,0.1052451619652719,0.10508452111844957,0.10515095600551261,0.10531681019470107,0.10560800713522978,0.10507744004431341,0.10553317628365089,0.10573011178396496,0.10569673376163014,0.10604292003303084,0.105685566934127,0.10531814489651437,0.1050514080147521,0.1052833664316204,0.10599194081655605,0.10562573136761944,0.10616089007493767,0.10576123788198288,0.1061503453597098,0.10633161729763951,0.1061155898914048,0.10558690862555009,0.10560598388616171,0.10599149507047978,0.10559227535266669,0.10568951401856597,0.10622150395374286,0.10692666485934688,0.10643437170656178,0.10660974676861801,0.10691043585453552,0.10628459601665324,0.10538413867429919,0.10613128604506544,0.10700861995053479,0.1056191334862213,0.10765980207582188,0.10557803467918869,0.10597759697116582,0.10470402061235107,0.10496595845673942,0.10475638661101094,0.1057100686889002,0.10582921539355583,0.10452810895553089,0.10594325216867506,0.10465969375942594,0.10556208981968329,0.10597278780010988,0.10586119034562613,0.10605598343037237,0.10594588920959291,0.10574809062374857,0.10598029121608199,0.10609758801709501,0.10592223874386697,0.10541351989364345,0.10536111814438451,0.10496226218354165,0.10525203896409119,0.1052502301766928,0.10540241568417925,0.10518190458418786,0.10497699835733854,0.10510500866800682,0.10601787451328903,0.10595182052921137,0.10524671661993668,0.1056257513249449,0.10542497263274164,0.10511080491518265,0.10517127220321609,0.1050169878483451,0.10522655781881407,0.10501293595967548,0.10566065883494447,0.10549142019144797,0.1055770726673475,0.106178808705098,0.10644274013376698,0.10629153824072379,0.10615502345565864,0.1062828810506149,0.10681331651838011,0.10563565267797259,0.10609549818322961,0.1058358792824986,0.10579901654398449,0.10569323703582989,0.10606228226792724,0.10693803425357207,0.10434416388977696,0.1058968362057815,0.10583779403329396,0.10577751111934586,0.10569413795603688,0.10537113878566551,0.10533484859846642,0.10506491373097815,0.10512142905424693,0.10500090950481156,0.10502135279816538,0.10515395328217203,0.10535411443245335,0.10515569531525149,0.10527829889856088,0.10524016047067764,0.10613713192114305,0.10562270732852785,0.10576663784828588,0.10533732982612953,0.10553954231673746,0.10596914530350854,0.10587502160833995,0.10586031194689194,0.10559144527816966,0.10608454482965335,0.10608970217807334,0.10506337970331991,0.10509913855931591,0.10721061118074232,0.10591091452840873,0.10702487187331577,0.10576845169271443,0.1056662595393375,0.10693907297819957,0.10568887845351205,0.10567404856024776,0.10564911493368934,0.10572674112656111,0.10505120449837879,0.10542490549924066,0.10596248901742278,0.10532100360049224,0.10603860925122333,0.10578978463162045,0.10509416116834303,0.10547262219104736,0.10565478450055688,0.10592545186575997,0.10562214367524836,0.1051837480739547,0.1053995142318832,0.10500527593090592,0.10507205235115513,0.10523709892182154,0.10583407682149149,0.10627959598037506,0.10551603115876806,0.10534500670583036,0.10539996258068385,0.10632660951139516,0.10511425067672264,0.10561697615177523,0.10450359778761531,0.10583520125195056,0.10658583351993856,0.10498422432448717,0.10565291167795643,0.10516117404788712,0.10579542280345378,0.10493307325417589,0.10504230186010699,0.10545680564040538,0.10544406146872465,0.10634662386078819,0.10551902638788524,0.10543489601824974,0.10630085264946143,0.10523874638378528,0.10593645505826754,0.1063581781005013,0.10245523769348897,0.10294734484630319,0.10464683387066892,0.10563623924292224,0.10520491374334047,0.10375832899589332,0.10195875436164081,0.10271683789607644,0.1021918472934884,0.1041729866382719,0.10338207778806219,0.10377353232083286,0.10464169875561669,0.10495448254276185,0.10443685400590819,0.10340929416346534,0.10251230305656017,0.10372154817215118,0.10317936927476079,0.10443027168279284,0.10417985419503506,0.10416531773414894,0.1058393395249877,0.1038274710324294,0.10452959377624726,0.10512818042741046,0.1054756331485096,0.10436724409895792,0.10529191494883872,0.10396568689232566,0.10385441384957828,0.10554919473824331,0.10390567710324228,0.10328433691081029,0.10313185673876124,0.10389723530993256,0.10615703849808773,0.10302891266518166,0.10513431275781315,0.10483695780281899,0.10683606654044703,0.10462803464676873,0.10277263102144141,0.10406419244117981,0.10428989165983582,0.10586976318679986,0.1062846580301281,0.10272194649498258,0.10444560546579795,0.105385681231153,0.10562846089027178,0.1042044810400945,0.10370796242857,0.10617820293062308,0.10311248681904794,0.10516361929914686,0.10508283828994758,0.10469129469842697,0.106025785814853,0.10537355546892524,0.10403191076562635,0.1045803125999134,0.10467592891405353,0.10418605523158875,0.10443577949622496,0.10285191015969852,0.10297130489277162,0.10310092079421651,0.10369867719638914,0.10333104441587004,0.10357024674967719,0.1049280371830642,