{"scenario":"paranaprec","n":616,"n_nodes":407,"n_groups":25,"ks_field":[0.1058594143931989,0.1058237831693647,0.10567524089577185,0.10497746276264142,0.10463898703994567,0.10452957462818546,0.10429757305881482,0.10440295284523327,0.10459507590259065,0.10467925889509977,0.10518187980337279,0.10505606897214137,0.10507454946016959,0.10473971001818516,0.10423361304819467,0.103649576853178,0.10398922901936627,0.1053516035044858,0.10591459323974714,0.10630548893053104,0.10652082961919346,0.10528320860741529,0.10378432547242122,0.10469302310250617,0.1050785434482614,0.10504280695347012,0.1048711079593816,0.10489324082318485,0.10447779712462091,0.10426738224392895,0.1044788787949753,0.1044881391412269,0.10475270742078047,0.10502010612058088,0.10545542796241081,0.10575332451256092,0.10559107549440416,0.10540370771142715,0.10505053281403831,0.10506749327036691,0.10534362768114547,0.10545997310871602,0.10547729308498299,0.10582392596705281,0.10612799472351098,0.10605616173793653,0.10574996388589974,0.10453972650030985,0.10424139168913327,0.10499610083959665,0.10608287650503934,0.10459155337748038,0.10464966786275956,0.10612852663734353,0.10584207403663493,0.10539490161305776,0.1065928219351546,0.10498870071582123,0.10438433752076415,0.10565875733773378,0.1047033759084951,0.10524279211426812,0.1052371909129638,0.10441734047789608,0.10472417762453323,0.104716643665839,0.10461037775723092,0.10473872269137052,0.10493707236161909,0.1048656013522562,0.10519962352277068,0.10517988151125857,0.10592118437874698,0.10583032777492962,0.10563121302614675,0.10569853084637537,0.10553910607695871,0.10458723069898612,0.10510275810846414,0.10507523485391401,0.1048613951764843,0.10509258136033184,0.10475445330355049,0.10476601394821405,0.10488975532465772,0.10477655026169919,0.10481421235888289,0.1047313839249433,0.10457415971047657,0.10482346548560006,0.1047602786334424,0.1049312965224799,0.10459483792049451,0.10465677945864893,0.10458947713355848,0.10453327951345837,0.1045573263401477,0.10470249719187963,0.10458402638651254,0.10458433094807362,0.10452250539797095,0.10457949713322645,0.10468277254274283,0.10463549570892505,0.10479122453303669,0.10560172764857545,0.10493946659441622,0.10533787323741717,0.10568596582236245,0.10529976285087173,0.10503937425561372,0.10506934197769602,0.10581676221579961,0.10585578704731224,0.1058395909680987,0.10573973632533407,0.10559255226166808,0.10576938064365982,0.10570002851565163,0.1058023552821945,0.10565847519356697,0.10557161143030669,0.1057458747988611,0.10573152011993148,0.10420443787913991,0.10397679848418134,0.10464768424607507,0.10505710214548991,0.10488390504874301,0.10493896716005802,0.10516382752528264,0.10440784933113567,0.10514580753036651,0.10509233653378791,0.10501365089415671,0.10507807855648288,0.10502317628875935,0.10450151380759609,0.10455462164750673,0.10502041021898045,0.10459126766878277,0.10512755305533472,0.10482510933048694,0.10470223389998268,0.10464119402928129,0.10444460234976452,0.10484072707651915,0.1049611520687399,0.1046805769344965,0.10492991946612706,0.10473476575803331,0.10452924770336663,0.10461914278310891,0.1046923436366397,0.10472569254062158,0.1046469803322243,0.1045202329233259,0.10458555740555253,0.10469533700734612,0.10488836745780339,0.10452609523405809,0.10488943545690943,0.10505033702989253,0.10500420028839386,0.10532539634539284,0.1050300539736968,0.10473818167738691,0.10455410055880587,0.10470429980712459,0.10526361093629422,0.10496556992193973,0.1054665333004321,0.1051210379070654,0.10549333760955848,0.10558661487404464,0.1054170270897491,0.10499488006035984,0.10494911055541845,0.10535129360264905,0.10505798539400557,0.10509005041322117,0.10550822373279856,0.10602387890252052,0.10570338056552575,0.10579809993240286,0.10602512657885343,0.10547994033121344,0.10472489591936236,0.10541065244814608,0.1061023668872432,0.10502831369031036,0.10662428891143816,0.10491405565777678,0.10525478379639186,0.10403975499923257,0.10442036039053959,0.10416126108910473,0.10497915584347572,0.10511059104904674,0.10394982425883825,0.10524909117448678,0.1042493829122194,0.10492968076731635,0.10529368823885255,0.10520216613635869,0.10533240678219025,0.10526830332180137,0.10509135314736662,0.10529566301116122,0.10536774788941905,0.10521888586598604,0.10482584707233611,0.10481390855769332,0.10446868478110038,0.10466090429192954,0.10476750783388511,0.10487700232262652,0.10471826218013885,0.1044634007833789,0.104619452699201,0.10524826870481208,0.10522085857191787,0.10464474236333576,0.10497715863464396,0.10480321917187141,0.10457274575733444,0.10456597244019317,0.10461963977305652,0.1046034778511371,0.10459242453836977,0.10500636714692901,0.10484446985749885,0.10491762447345576,0.10539142756834918,0.10569474401092882,0.10549590278384946,0.10551325646457133,0.1055187523781278,0.10595973670340197,0.10506783254981378,0.10542803362669195,0.10521662365559203,0.10522774304309224,0.10506104734248567,0.10530615538236021,0.10608510758630085,0.10391036816171022,0.10522300134273144,0.10513845911189346,0.10508756259400875,0.10504615435035058,0.10474887080452355,0.10474891943324793,0.10452686903995023,0.10457243344447009,0.10459091966126968,0.10451886999758993,0.10457009809371309,0.10478108921697094,0.10458888743679928,0.10471772795139678,0.10465904300810724,0.10547623527070782,0.10500040577058234,0.10516419078314099,0.10475428786591268,0.10487431710340167,0.10526169682877218,0.1051857300780088,0.10525278202784127,0.10496664899765051,0.10535771194787824,0.10539220405029781,0.10441660928987961,0.10467539088005952,0.10623173493602295,0.10522939361501071,0.10611269096035669,0.10509411711529326,0.10496829938546781,0.10608695375759716,0.10501707156798246,0.10504605031164227,0.10503541386694115,0.10505047404561574,0.10436002406497602,0.10482433251553958,0.1050948809844362,0.10472166011893169,0.10535262851049816,0.10517906697549265,0.10454454717085282,0.10480385153598737,0.10495541920744811,0.10522646332821317,0.10497630938363944,0.10457553245887174,0.10470591484536385,0.10455239260262073,0.10452779012654678,0.10464459305010088,0.10516609608645933,0.1054933471448053,0.10489212041173179,0.10472211256053099,0.10474417151391857,0.10559732588070081,0.10456802257708608,0.10507319116224201,0.10413511982796866,0.10512187465283696,0.10583319896744825,0.10449382539152408,0.10498651312710328,0.10471447733052927,0.10520830617878973,0.10446842840303971,0.10454524376152619,0.10484154143529145,0.10488261617615657,0.10562168568474839,0.10488116830956351,0.10482595710452036,0.10556321996103446,0.10466584202622264,0.10526687302486637,0.10560523617370687,0.10213171767010176,0.10245622462323223,0.10365096188738993,0.10442462960911411,0.10419874065345608,0.10308192350495927,0.10151630492334343,0.10242748433339208,0.10190961493742343,0.10327785007073598,0.1026567422071396,0.10309053875406726,0.10362113845833232,0.10396586095066951,0.10353943571875379,0.10299158298262956,0.10207800480003396,0.10308549672021483,0.10272061800664012,0.103625861866807,0.10361780958791,0.1036818901911507,0.10486683767522853,0.10312296566796142,0.10364386420309768,0.10433016759699276,0.10438278024387249,0.10369427226568317,0.10451576973088017,0.1032226256353769,0.10328842114558488,0.10471616200512657,0.10338455963795212,0.10254752759226071,0.10255615367189042,0.10335438658403495,0.10509287780026838,0.10270443594689083,0.10418468192030916,0.10426342436371572,0.10563617736395063,0.10392665934339829,0.10248257790325535,0.10362226127760032,0.10371262229480283,0.10489005400326916,0.10519167396928408,0.10251231824138969,0.10370698830174063,0.10465231791494012,0.104686139025159,0.10340782022185802,0.10336836458341955,0.10523175177814603,0.10303367470543477,0.10436155584910474,0.10444526824060896,0.1041445125615359,0.1051371267092539,0.10462756525615546,0.1036244474216268,0.10400237840801085,0.10420242664814772,0.10367804690069576,0.103866902468008,0.10239782139915543,0.10212419232007708,0.10260366149519762,0.10317299349724829,0.10290828840930555,0.10267566196096001,0.10417557666688138,