{"scenario":"paranaprec","n":616,"n_nodes":407,"n_groups":25,"ks_field":[0.10584584430387611,0.10581027680009425,0.10566186963853819,0.10496465508407449,0.10462607288238612,0.10451617963221493,0.10428418407126028,0.10438929264474728,0.1045812078327798,0.1046653005881496,0.10516731195585083,0.10504156219163596,0.10505998234102909,0.104724775599077,0.1042186859928812,0.10363484389593336,0.10397625354625901,0.10533862779241404,0.10590178121853819,0.10629296200243891,0.10650838438623186,0.105271090853021,0.10376769612068315,0.10467663516542047,0.10506328632111339,0.10502808486945892,0.1048566074232653,0.10487885709373745,0.1044639109707639,0.10425409479899717,0.10446534854608691,0.10447455209406187,0.10473930664739683,0.10500679806950564,0.10544175390917299,0.10573934846158961,0.10557735736081042,0.10539039696509234,0.1050376185788493,0.10505456875798835,0.10533036955105257,0.10544663011442912,0.1054639553465252,0.10581018472769177,0.10611402640085488,0.10604237705152764,0.10573609746434542,0.10452602925925603,0.10422991682608122,0.10498179760543713,0.10606879147248871,0.10457812054893334,0.10463658498684354,0.10611602829064215,0.10582804702151938,0.10538180780722939,0.10658026426934723,0.10497280172128631,0.10437074467359175,0.1056452312692917,0.10468939598354965,0.1052296709288193,0.10522409132661903,0.10440372613650573,0.10471012247265443,0.1047027240263041,0.10459671727403375,0.10472459787763688,0.10492326099922078,0.10485181832970203,0.10518585431174066,0.10516635714046108,0.10590729961690692,0.10581678766022107,0.10561774659304546,0.10568491007702374,0.10552585697741601,0.10457338136809391,0.10508814747454098,0.10506067701648258,0.10484710242359141,0.10507820040123883,0.104740498545709,0.1047518760630134,0.10487546820603388,0.10476248650496245,0.10480004009641752,0.1047172454247215,0.10456001344311239,0.10480904694376758,0.10474610656766004,0.10491687795431293,0.10458075897842012,0.10464294989065048,0.10457589209612761,0.10451958718885068,0.10454225057940872,0.10468859471255554,0.10457011973832708,0.10457018478220326,0.10450765293805783,0.10456570175953073,0.10466901244608606,0.10462159280898309,0.10477706891240368,0.10558798900450339,0.10492534253861441,0.10532470391844917,0.10567193631639771,0.10528618236973597,0.1050256517200997,0.105055675135864,0.10580286689526675,0.10584196398412105,0.10582604384735939,0.10572632108426938,0.1055790065094997,0.10575563936733756,0.10568614996554404,0.10578873583612614,0.10564480723938663,0.1055581269679684,0.10573222643516245,0.10571793949426955,0.10418794139668286,0.10396539496376037,0.10463141877373572,0.10504147217034243,0.10486984362805651,0.10492502237859513,0.10514877797201272,0.10439203582037648,0.10513134699956672,0.10507783435469842,0.10499938103760431,0.10506362809460079,0.10500802321368197,0.10448785814494688,0.10453975130088969,0.10500617294898906,0.10457588418065039,0.1051131423860342,0.10481108328992972,0.10468837007319498,0.1046272793945836,0.10442999703733724,0.10482646846478838,0.10494654477682253,0.1046662582133161,0.10491532453902841,0.10472038536203543,0.10451426825046886,0.10460520928532258,0.10467837134236391,0.10471158710938178,0.10463281942442104,0.10450615024747745,0.1045713901538835,0.10468092226868464,0.10487387941986293,0.10451192925348818,0.1048754933660817,0.10503638179504249,0.10499001924235041,0.10531143334265125,0.10501613180848468,0.10472445289366983,0.10454067173960979,0.10469056600877868,0.1052496268785098,0.10495150041713786,0.10545313835388648,0.10510750800929114,0.10548009868578334,0.10557306502589026,0.10540358439365494,0.1049815433496828,0.10493525231650802,0.10533807804311501,0.10504519635711695,0.10507683585758565,0.10549482686199851,0.10600986035509252,0.10568988061722151,0.10578438758167286,0.10601115693176688,0.1054662219403173,0.10471119948709402,0.10539757554073395,0.10608940590930177,0.10501537100548777,0.10661124432577644,0.10489891999603418,0.10523980209380623,0.10402402643656206,0.10440704292546557,0.10414581336244033,0.10496364700421568,0.10509548128158408,0.10393448612151979,0.10523450224297892,0.1042367684220087,0.10491523869454134,0.1052792351208306,0.105187808792234,0.1053177207874173,0.10525385200972448,0.10507689911090579,0.1052812254205886,0.1053530578519224,0.10520431957297915,0.10481160267931011,0.1047987265849935,0.10445484745639222,0.10464662728188467,0.1047524327554577,0.1048618184605859,0.10470337981871879,0.10444940246114309,0.10460446643203189,0.10523379062090121,0.10520653214956077,0.10463071125072487,0.10496319761280704,0.10478921989840961,0.10455909374352845,0.10455191857316293,0.10460477161422804,0.10458935709443284,0.10457749742845149,0.1049923047410628,0.1048303815637861,0.10490356493477648,0.10537698402098739,0.10568113638928844,0.10548156628290506,0.10550011217393562,0.10550472376192077,0.1059458407879248,0.10505461932435889,0.10541472598522694,0.10520323550517419,0.10521478664259576,0.10504728459429313,0.10529182069802046,0.10607136092121905,0.10389758840429264,0.10520844374317062,0.10512380158957979,0.1050729049360204,0.10503174962757966,0.10473446880203174,0.10473479537527552,0.10451202046251985,0.10455856458360113,0.10457610131817358,0.10450406776228871,0.10455616079776464,0.10476734801884657,0.10457509043162738,0.10470399804627306,0.10464519107262116,0.10546294968612802,0.10498655728130657,0.10515079391959903,0.10474049536343544,0.1048610973420042,0.10524704066570623,0.10517114474854161,0.1052396954601873,0.10495236725410728,0.10534310269012637,0.10537903180780095,0.10440131952658782,0.10466052350328006,0.1062181146491299,0.10521489198597689,0.10609888001567747,0.10507929947156869,0.10495408831894426,0.10607406059380454,0.10500310118321043,0.10503250404677456,0.10502115391056066,0.10503598313852969,0.10434425191280783,0.10481019747059628,0.10507905102624082,0.10470769031512206,0.10533947677575256,0.10516660453622578,0.10453086578406223,0.10478965622012393,0.1049400809345733,0.10521160436264321,0.10496230070566503,0.1045614457057259,0.10469045637517826,0.10453735253718324,0.1045137678366641,0.10463041124606265,0.10515219678832688,0.10547955087240213,0.10487784041359094,0.10470823908498939,0.10473006068166213,0.10558361888143553,0.10455435940111801,0.10506020769972058,0.10412249837350848,0.1051071204020202,0.10581968246666351,0.10447906833751103,0.10497195278729077,0.10469961335859014,0.10519530330169358,0.10445466807881398,0.10453010318361723,0.10482770355480764,0.10486919844045073,0.1056082675504213,0.10486719724590332,0.10481218650791035,0.10554946631723616,0.10465185305584879,0.10525318025448349,0.10559164350232764,0.10212055666690034,0.10244401891105326,0.10364013720786577,0.10441423658528572,0.10418840622235057,0.10307207514113939,0.10150722950442673,0.10241447938032472,0.10189651699776811,0.10326600163771926,0.10264566617163084,0.10307930250447095,0.10360927631528571,0.10395393929950958,0.10352793704634278,0.10298092075393828,0.1020666264957093,0.10307403712537655,0.10270863583445466,0.10361416141280944,0.10360395079241758,0.10366911507072574,0.10485398884154928,0.10311172082916875,0.10363179066155048,0.10431771938874945,0.1043703800421173,0.10368292814161129,0.10450334756040414,0.10321113896960724,0.10327628452663856,0.10470378614220532,0.10337262209407572,0.10253433223582331,0.10254381855761674,0.10334173958393889,0.10508132668591275,0.1026933173765654,0.10416900445612265,0.10425164007003673,0.10562501819515122,0.10391474869948902,0.10246922224923191,0.10360966938755667,0.10369951524391752,0.10487908340254083,0.10517860050916239,0.10250270861223373,0.10369318502944747,0.10463977291470394,0.10467313023208413,0.10339600793995463,0.103354155290398,0.1052182291447421,0.10302351477032172,0.10434923731782961,0.10443082843786877,0.10413117869246435,0.10512409150834201,0.10461496322018993,0.10361232532387932,0.10398988328256409,0.10419046352803729,0.10366367922558763,0.10385246261518777,0.1023852300168484,0.10211021873216353,0.10259251506093536,0.10316044196222574,0.10289630372661074,0.10266072345604726,0.10416315163968737,