{"scenario":"paranaprec","n":616,"n_nodes":407,"n_groups":25,"ks_field":[0.10556191578012908,0.1055313760142732,0.10539519864779956,0.104704098056005,0.10437699531181543,0.10428510406157898,0.10405857843459287,0.10417117700127765,0.10436385059781439,0.10444510951691477,0.10495918704215901,0.10483498690316206,0.10485659063575903,0.1045405199972731,0.10404553324061194,0.10347023008057421,0.10340043746656896,0.10472572928880605,0.10527295563310185,0.10564600666831803,0.10585845737887259,0.1046291259007968,0.1036510038353804,0.10453648660619952,0.10487885975365852,0.10482533214078638,0.10464529322571514,0.10466179262970288,0.10423377129184253,0.10401120845447331,0.10423039707085291,0.1042406045578046,0.10449422572505662,0.10475036734037524,0.10518734438528077,0.10548405598488975,0.10531396805505877,0.10511690625143622,0.10475488041293213,0.10477300731058703,0.10506007266149675,0.10517744746720636,0.1051919393132903,0.10554580051035001,0.10584268694688381,0.10576227161484075,0.10548623391991618,0.10429548925613619,0.10359347011129036,0.10476720135642748,0.1058078659249132,0.1043379455260296,0.10404479447112536,0.10547579850697449,0.10557700465555975,0.10511823671482523,0.1059329903943172,0.10481069498565798,0.10415097137142504,0.10537687736049073,0.10447174985544583,0.10495439215339142,0.10494562113470718,0.10416743531522354,0.10448974477777406,0.10447966255873475,0.10436331550739109,0.10450825802567865,0.10469232968190079,0.10462027722721823,0.10494784380661326,0.10491722289505123,0.1056506696690015,0.10555741366350746,0.10536236979348257,0.1054196630884967,0.10525291319095165,0.10435761290001044,0.10487845076878166,0.10485483949192953,0.10462710051754698,0.10486438525361108,0.10451664399401595,0.10454131505022879,0.10465820869697684,0.10454712789624798,0.10458440490202436,0.10450761756953586,0.10435622767617292,0.1046070812878589,0.10453638124988429,0.10470645193986339,0.10437510439915998,0.10442620115219892,0.10434911916136136,0.10430372263382637,0.10426455994648687,0.10446893942438618,0.10435893607853153,0.1043667805609606,0.1042408770238199,0.10435000739602396,0.10444482641880226,0.10440500958139776,0.1045637724331735,0.1053422661315454,0.10470533732622889,0.1050697001642823,0.10543411171118011,0.10504226026913666,0.1047906593943323,0.10481956498969702,0.10555788592902826,0.10559237979951597,0.10556673407975348,0.10545902516510008,0.10532027706319103,0.10550363692601405,0.10544428753901824,0.10553476781925697,0.10538936954227462,0.1052949085363436,0.10547490713638608,0.10545790617997208,0.10406327036677054,0.10334005574206667,0.10449049144191491,0.10487112177587288,0.10465920110775973,0.10470836314568299,0.10495868558149257,0.10424139119165055,0.10492535080221155,0.10487363299276298,0.10479110873972286,0.10485574570708645,0.10482217515716663,0.10427433424164423,0.10419509544066852,0.10479764022934379,0.10411282245102904,0.10490697860191989,0.10460105211215254,0.10447618947409731,0.10441744477766468,0.10422019390817439,0.10462012129542242,0.10474966469721247,0.10446642012628504,0.10471767146806288,0.10452110651287383,0.10428607557211034,0.10439445986049323,0.10446663830121383,0.10450342444090255,0.10442832427299231,0.10430204273050858,0.10436892649983165,0.10448271588264457,0.10466975126055367,0.10431084340171193,0.10465083182118895,0.10480910715268998,0.10476959555375454,0.10507790518601567,0.10478705220897466,0.10449982238474742,0.10431477581521076,0.1044661229169116,0.10501876986595349,0.1047302593668129,0.105198339796022,0.10486876478216645,0.10521803634629634,0.1053226512713068,0.10515556275638005,0.10474024504297141,0.10470725006626491,0.10508085540705714,0.10478683595031413,0.10483070615279166,0.10523433620277345,0.10575464364946263,0.10542947714929962,0.10552547597343243,0.10575379816960928,0.10488954914682555,0.10415143851881702,0.10479122233247344,0.10547158965843265,0.10441918063584278,0.10598733739134542,0.10471858101086395,0.10504623420949488,0.10388177798936593,0.10383641586907533,0.1039906875939457,0.10479264522035792,0.1049078742112598,0.10378008807312267,0.10502999022018744,0.10364208248417166,0.10471442727271763,0.1050699708010252,0.10497742718165526,0.10511408722751558,0.10504599983331575,0.10487264722799483,0.10507188397184064,0.10514886555341352,0.10500064250458807,0.10460707717632123,0.10431575316582431,0.10424555562930538,0.1044438541423588,0.10426955859028592,0.10437969287802827,0.1042129640358847,0.10424533757243115,0.1041195700401755,0.10501782658009573,0.10498726000464365,0.10442088172850761,0.1047380714322248,0.10457335887300367,0.10433897882489995,0.10434436880955811,0.10422299796241863,0.10438266925468842,0.10420115917093964,0.10477207184639814,0.1046159720789489,0.10468363944570969,0.105156641126957,0.10542880296895407,0.10525659929186015,0.10523680462792162,0.10527035986349631,0.10569084272053564,0.10480729972956115,0.10516018060924726,0.10495664367608981,0.10495639094763698,0.10481405195585158,0.10507060700778548,0.10580124831603877,0.10359081914010815,0.10500316363643047,0.10492160896883052,0.10487076198802148,0.10482137672396596,0.10453240446924217,0.10452349603224664,0.10427644467230834,0.10434482405592771,0.10421477967807868,0.1042542030773762,0.10434452403076344,0.10454468974939013,0.10435843214502394,0.10448118562340536,0.10442957615156212,0.10520675943983016,0.10475848013125622,0.10490648433392813,0.10451649921825157,0.10427176696415019,0.10504152885559981,0.10496361831632772,0.10498541568076403,0.1047451632026909,0.10513789592089029,0.10510510645654203,0.1042366495420638,0.10417189166295575,0.1056276439962569,0.10500667698330535,0.10582554291143464,0.10488470527761518,0.10473811788866372,0.10544830218963352,0.10477596079645779,0.10479373640249723,0.10480949225354674,0.10483160431673688,0.10419588148129832,0.10459655932918155,0.1049141403195174,0.10449343926388144,0.10473922099444839,0.10454541085822827,0.10431067833632945,0.10457844472562972,0.10476483899157685,0.10501521871998742,0.10473978506327941,0.10435432754957485,0.10452215592639125,0.10426324652188423,0.10430910340717547,0.10442664441270888,0.10491976750120613,0.10523377247655963,0.10467325493986868,0.10448525242168782,0.10451467726124608,0.10533779045931635,0.10433211140548426,0.10480788025474197,0.10353788779940068,0.10490849637975908,0.10555591419310129,0.10424420469439488,0.10476798215641892,0.10420938552395151,0.10493818328754179,0.10424420969299719,0.10427515634829654,0.10460169247408835,0.10463125095131065,0.10534233277563576,0.10464454112652677,0.10458438439963524,0.10530568522804451,0.10443820990596542,0.10501328580667457,0.10533860372932913,0.10183765173019244,0.10217918332817122,0.1029251557700078,0.10365705231700345,0.10345319115177237,0.10233943010269499,0.10095878376482914,0.10196304602543016,0.10147290663452269,0.10295177406952061,0.10230814492231233,0.10274985199298525,0.10327646784860522,0.10361518143630877,0.10318111423670617,0.10265779052881807,0.10148977968869699,0.10276613841023952,0.1024394722580696,0.10329362556127764,0.10340031530126303,0.103428542789891,0.10455939150843363,0.10278163153852604,0.103323105075943,0.10402129536680216,0.10404415577982684,0.10335478795927855,0.10420651107130197,0.10255390851463536,0.10266660645255467,0.1043946345818354,0.10309261268903203,0.10228840237683268,0.10227125353725863,0.10308101854434981,0.10439547202055402,0.10240866470088306,0.10400511862867612,0.103953049457985,0.10491327759119383,0.10360556332072968,0.10196393320724284,0.10336827678914684,0.10345885821491474,0.10417727749626919,0.10487392805385398,0.10180008040105117,0.10346429544748137,0.104347798764167,0.1043914413658622,0.10308858710968605,0.10288851255270337,0.10495397168604881,0.10236108829746089,0.10371965302155485,0.10423285819905548,0.10389992668542736,0.104839430503602,0.10432326717813722,0.10335536021823633,0.10372254645806367,0.10391259685657017,0.10340160509528074,0.10366904975761104,0.10214754312087215,0.1018986712122465,0.10228394160189824,0.1029054185074374,0.10263440653315348,0.10248869658076587,0.10387994497097397,