{"scenario":"epil","n":236,"n_subject":59,"ks_fixed":[0.0037583586858939977,0.003850146546165223,0.0047290618138100815,0.004248889378147269,0.003608373793310915,0.0051241687869120756],"sgn_fixed":[-0.0037583586858939977,0.003850146546165223,-0.0047290618138100815,0.004248889378147269,0.003608373793310915,-0.0051241687869120756],"ks_subj":[0.04534189165382285,0.016264883459508384,0.01483183569103158,0.013125816675883473,0.00401710128226368,0.012575010069543036,0.017640621448046012,0.0040952678580474106,0.010423274187826737,0.008657347735956888,0.004316568955561456,0.008525998669834944,0.015081540778799363,0.0052183609275093246,0.0037763574749574425,0.01068370435251198,0.023318375020149884,0.00372233164298566,0.01615444259897658,0.013489720216799728,0.01680052493559736,0.013491023404706537,0.017464491833551254,0.00956865239492799,0.004745559512479472,0.016667632276756106,0.014884180024685667,0.004524593735041493,0.003866842030888662,0.007718814992741241,0.019884216428382506,0.04254850157610801,0.04630976347812388,0.04224900021924849,0.029400921366395383,0.045533987734725834,0.0410550706152526,0.0447476814985156,0.04127636418481251,0.035241317309233966,0.03836632498006454,0.04603456812088136,0.032001709144800494,0.042773801801640476,0.040723498950932746,0.03982109320479754,0.04294152928401196,0.032777674984204475,0.006151335645554812,0.04545450911958149,0.043136097024734976,0.04631136062964081,0.028611975563574643,0.045618156257233755,0.04321016915691733,0.033995627690172614,0.03979825871637199,0.02873765916313087,0.04255906594050052],"sgn_subj":[0.04534189165382285,-0.016264883459508384,-0.01483183569103158,-0.013125816675883473,-0.00401710128226368,-0.012575010069543036,-0.017640621448046012,-0.0040952678580474106,-0.010423274187826737,-0.008657347735956888,-0.004316568955561456,-0.008525998669834944,-0.015081540778799363,-0.0052183609275093246,-0.0037763574749574425,-0.01068370435251198,-0.023318375020149884,-0.00372233164298566,-0.01615444259897658,-0.013489720216799728,-0.01680052493559736,-0.013491023404706537,-0.017464491833551254,-0.00956865239492799,-0.004745559512479472,-0.016667632276756106,-0.014884180024685667,-0.004524593735041493,-0.003866842030888662,-0.007718814992741241,-0.019884216428382506,0.04254850157610801,0.04630976347812388,0.04224900021924849,0.029400921366395383,0.045533987734725834,0.0410550706152526,0.0447476814985156,0.04127636418481251,0.035241317309233966,0.03836632498006454,0.04603456812088136,0.032001709144800494,0.042773801801640476,0.040723498950932746,0.03982109320479754,0.04294152928401196,0.032777674984204475,0.006151335645554812,0.04545450911958149,0.043136097024734976,0.04631136062964081,0.028611975563574643,0.045618156257233755,0.04321016915691733,0.033995627690172614,0.03979825871637199,0.02873765916313087,0.04255906594050052],"worst_subj":52,"t_latte_cold":7.385061792,"t_latte_warm":0.988972459,"t_rinla":1.879,"inla_version":"25.6.7"}