{"scenario":"epil","n":236,"n_subject":59,"ks_fixed":[0.004246969661044875,0.004467262132371322,0.004707543251735238,0.004458843013123048,0.004050845001147871,0.003652611509107867],"sgn_fixed":[0.004246969661044875,-0.004467262132371322,-0.004707543251735238,0.004458843013123048,-0.004050845001147871,-0.003652611509107867],"ks_subj":[0.004109916400930058,0.05987437986744987,0.05878122124107976,0.0582155310293519,0.03338975881004996,0.05572877319843306,0.0602580507838939,0.024081208388138486,0.05415451776956354,0.04642995444564313,0.03205645930251172,0.04971017610144268,0.05885091852864227,0.04146333708999628,0.031117030114038713,0.05406063839428765,0.06133839543084613,0.017781349945668323,0.05971400521780029,0.05752579634379462,0.06024871596961906,0.058230937844425956,0.06068336926138318,0.050602450198865445,0.02095098068563206,0.05975855277715203,0.05944187620889024,0.03627634265045132,0.03700623808383169,0.04936923261298376,0.05977923690271042,0.004028567378018932,0.004663495386933891,0.003709106424713074,0.00425304150963246,0.004868520093275208,0.0038987098855939317,0.0045500556594925134,0.00366179048190185,0.004336495519589811,0.003971921720452534,0.004693515225114853,0.0048572269078913655,0.0036173092671725193,0.005038486965101341,0.0040725844414930545,0.004350021297351181,0.00399225601317825,0.004428373961653381,0.004573287587097852,0.0036594454227799195,0.004596035534168541,0.003777314893843503,0.003737209374031783,0.003793732076851297,0.004141902520848895,0.004051220799642513,0.0045090320894399655,0.0038549203730477988],"sgn_subj":[0.004109916400930058,-0.05987437986744987,-0.05878122124107976,-0.0582155310293519,-0.03338975881004996,-0.05572877319843306,-0.0602580507838939,-0.024081208388138486,-0.05415451776956354,-0.04642995444564313,-0.03205645930251172,-0.04971017610144268,-0.05885091852864227,-0.04146333708999628,-0.031117030114038713,-0.05406063839428765,-0.06133839543084613,-0.017781349945668323,-0.05971400521780029,-0.05752579634379462,-0.06024871596961906,-0.058230937844425956,-0.06068336926138318,-0.050602450198865445,-0.02095098068563206,-0.05975855277715203,-0.05944187620889024,-0.03627634265045132,-0.03700623808383169,-0.04936923261298376,-0.05977923690271042,0.004028567378018932,0.004663495386933891,-0.003709106424713074,0.00425304150963246,0.004868520093275208,0.0038987098855939317,0.0045500556594925134,0.00366179048190185,0.004336495519589811,-0.003971921720452534,0.004693515225114853,0.0048572269078913655,0.0036173092671725193,0.005038486965101341,0.0040725844414930545,0.004350021297351181,-0.00399225601317825,-0.004428373961653381,0.004573287587097852,-0.0036594454227799195,0.004596035534168541,-0.003777314893843503,-0.003737209374031783,0.003793732076851297,0.004141902520848895,-0.004051220799642513,-0.0045090320894399655,0.0038549203730477988],"worst_subj":17,"t_latte_cold":7.104264542,"t_latte_warm":0.196999791,"t_rinla":1.879,"inla_version":"25.6.7"}