{"scenario":"epil","n":236,"n_subject":59,"ks_fixed":[0.07981473987138815,0.07855648835684625,0.07455185515375107,0.08054001509297948,0.07925582575024442,0.007799022022995608],"sgn_fixed":[0.07981473987138815,0.07855648835684625,0.07455185515375107,0.08054001509297948,0.07925582575024442,-0.007799022022995608],"ks_subj":[0.05208522796776488,0.010808218926512736,0.009272841677892496,0.009093398306575351,0.029628996655084894,0.009511224612373442,0.012460533206827551,0.043786423136166264,0.009044316646450765,0.008967969753277523,0.02906368744340193,0.00930446381998555,0.010488660988999199,0.014110493491434561,0.03320141453349956,0.00926874731508917,0.019854628048471434,0.05426934099133701,0.011701522815558418,0.00971250887854766,0.011317815474494147,0.00887751872535622,0.012991654692831589,0.009044944829213322,0.04393843099001582,0.013385343155271956,0.010232366901095136,0.02287324159599169,0.024676236652853345,0.009119206894731904,0.015267406182937981,0.05133152594335427,0.05706462858838801,0.04719424774905856,0.054098150084970986,0.055203011662932955,0.04877453374489005,0.05478127136119326,0.052201251656887715,0.04130957582279693,0.04185379545240475,0.05335417640790624,0.06245199900580356,0.05204868260729684,0.05916214416563659,0.0474870546082522,0.05318814272823724,0.03704680489185419,0.07496715794416275,0.05095678079721799,0.05103772409247298,0.04877417659269889,0.06011494702947501,0.05104518709982031,0.05069637768527252,0.051670561257801506,0.04261684033147284,0.028855448073254575,0.04944256313929285],"sgn_subj":[0.05208522796776488,-0.010808218926512736,-0.009272841677892496,-0.009093398306575351,0.029628996655084894,-0.009511224612373442,-0.012460533206827551,0.043786423136166264,-0.009044316646450765,-0.008967969753277523,0.02906368744340193,-0.00930446381998555,-0.010488660988999199,0.014110493491434561,0.03320141453349956,-0.00926874731508917,-0.019854628048471434,0.05426934099133701,-0.011701522815558418,-0.00971250887854766,-0.011317815474494147,-0.00887751872535622,-0.012991654692831589,-0.009044944829213322,0.04393843099001582,-0.013385343155271956,-0.010232366901095136,0.02287324159599169,0.024676236652853345,-0.009119206894731904,-0.015267406182937981,0.05133152594335427,0.05706462858838801,0.04719424774905856,0.054098150084970986,0.055203011662932955,0.04877453374489005,0.05478127136119326,0.052201251656887715,0.04130957582279693,0.04185379545240475,0.05335417640790624,0.06245199900580356,0.05204868260729684,0.05916214416563659,0.0474870546082522,0.05318814272823724,0.03704680489185419,0.07496715794416275,0.05095678079721799,0.05103772409247298,0.04877417659269889,0.06011494702947501,0.05104518709982031,0.05069637768527252,0.051670561257801506,0.04261684033147284,0.028855448073254575,0.04944256313929285],"worst_subj":49,"t_latte_cold":16.73944225,"t_latte_warm":3.1393935,"t_rinla":1.879,"inla_version":"25.6.7"}