{"scenario":"epil","n":236,"n_subject":59,"ks_fixed":[0.004246969644092657,0.004467262117752641,0.004707543237541134,0.004458842999459867,0.004050844983794946,0.003652611508801862],"sgn_fixed":[0.004246969644092657,-0.004467262117752641,-0.004707543237541134,0.004458842999459867,-0.004050844983794946,-0.003652611508801862],"ks_subj":[0.004109916389973822,0.05987437987644145,0.05878122126306767,0.058215531043384894,0.033389758810356385,0.05572877319418634,0.06025805077981572,0.02408120840356759,0.05415451777047697,0.04642995447999404,0.03205645931234252,0.04971017610411388,0.058850918527364626,0.04146333709740557,0.031117030111811717,0.054060638353985335,0.06133839538313951,0.01778134995241948,0.059714005210341425,0.05752579633789523,0.060248715975964706,0.0582309378648278,0.06068336924914436,0.050602450205785465,0.020950980702160227,0.059758552749950455,0.05944187621114949,0.03627634266090818,0.03700623808029646,0.04936923262027376,0.059779236882951226,0.004028567356996082,0.0046634953698253545,0.0037091064122751066,0.004253041486765641,0.0048685200669329465,0.0038987098689923227,0.004550055651524554,0.0036617904717444194,0.004336495506933491,0.003971921699190473,0.004693515209863941,0.004857226890335409,0.003617309256163881,0.005038486945683207,0.0040725844215318,0.004350021285098982,0.003992255992484331,0.004428373949980038,0.004573287578961915,0.0036594454157655165,0.004596035533167564,0.0037773148885723723,0.003737209361398347,0.0037937320626565407,0.004141902492741489,0.0040512207759566266,0.0045090320512013865,0.0038549203590394487],"sgn_subj":[0.004109916389973822,-0.05987437987644145,-0.05878122126306767,-0.058215531043384894,-0.033389758810356385,-0.05572877319418634,-0.06025805077981572,-0.02408120840356759,-0.05415451777047697,-0.04642995447999404,-0.03205645931234252,-0.04971017610411388,-0.058850918527364626,-0.04146333709740557,-0.031117030111811717,-0.054060638353985335,-0.06133839538313951,-0.01778134995241948,-0.059714005210341425,-0.05752579633789523,-0.060248715975964706,-0.0582309378648278,-0.06068336924914436,-0.050602450205785465,-0.020950980702160227,-0.059758552749950455,-0.05944187621114949,-0.03627634266090818,-0.03700623808029646,-0.04936923262027376,-0.059779236882951226,0.004028567356996082,0.0046634953698253545,-0.0037091064122751066,0.004253041486765641,0.0048685200669329465,0.0038987098689923227,0.004550055651524554,0.0036617904717444194,0.004336495506933491,-0.003971921699190473,0.004693515209863941,0.004857226890335409,0.003617309256163881,0.005038486945683207,0.0040725844215318,0.004350021285098982,-0.003992255992484331,-0.004428373949980038,0.004573287578961915,-0.0036594454157655165,0.004596035533167564,-0.0037773148885723723,-0.003737209361398347,0.0037937320626565407,0.004141902492741489,-0.0040512207759566266,-0.0045090320512013865,0.0038549203590394487],"worst_subj":17,"t_latte_cold":7.52009525,"t_latte_warm":0.128791208,"t_rinla":1.879,"inla_version":"25.6.7"}