{"scenario":"epil","n":236,"n_subject":59,"ks_fixed":[0.004246907575715997,0.004467214101114225,0.004707509796314402,0.004458812086287622,0.004050789008605671,0.0036526248473459783],"sgn_fixed":[0.004246907575715997,-0.004467214101114225,-0.004707509796314402,0.004458812086287622,-0.004050789008605671,-0.0036526248473459783],"ks_subj":[0.004109903650017066,0.05987439377800152,0.058781333317048545,0.05821558329172788,0.03338977065580634,0.05572870420164716,0.060258016955900606,0.024081362358999436,0.05415445281565612,0.04643031851949336,0.0320565522261787,0.04971016697413311,0.05885087948386514,0.04146331903699746,0.031116968760079133,0.054060396006864186,0.061338113289599705,0.01778139351780761,0.059713913550392406,0.05752576246390306,0.060248710136111494,0.05823102771720012,0.0606832523662299,0.05060249397989175,0.020951299531480838,0.05975838487976781,0.05944186984353411,0.03627640147601002,0.03700613904655636,0.049369196004233507,0.05977912048902584,0.004028469149777947,0.00466342354228888,0.003709046193222154,0.004252919781535969,0.004868407629619376,0.003898645840853865,0.00455014536842091,0.0036617788950837893,0.004336458047382696,0.003971812360539409,0.004693470302313596,0.004857170132189226,0.003617308656516549,0.005038448953082586,0.004072496095861022,0.0043500187640101995,0.003992155471874065,0.0044284203604815775,0.004573313974275406,0.0036594214036263922,0.00459613321268082,0.0037773899454228294,0.0037371479963588944,0.003793693806569687,0.004141729762851654,0.004051096355207395,0.004508844333462991,0.003854882902410428],"sgn_subj":[0.004109903650017066,-0.05987439377800152,-0.058781333317048545,-0.05821558329172788,-0.03338977065580634,-0.05572870420164716,-0.060258016955900606,-0.024081362358999436,-0.05415445281565612,-0.04643031851949336,-0.0320565522261787,-0.04971016697413311,-0.05885087948386514,-0.04146331903699746,-0.031116968760079133,-0.054060396006864186,-0.061338113289599705,-0.01778139351780761,-0.059713913550392406,-0.05752576246390306,-0.060248710136111494,-0.05823102771720012,-0.0606832523662299,-0.05060249397989175,-0.020951299531480838,-0.05975838487976781,-0.05944186984353411,-0.03627640147601002,-0.03700613904655636,-0.049369196004233507,-0.05977912048902584,0.004028469149777947,0.00466342354228888,-0.003709046193222154,0.004252919781535969,0.004868407629619376,0.003898645840853865,0.00455014536842091,0.0036617788950837893,0.004336458047382696,-0.003971812360539409,0.004693470302313596,0.004857170132189226,0.003617308656516549,0.005038448953082586,0.004072496095861022,0.0043500187640101995,-0.003992155471874065,-0.0044284203604815775,0.004573313974275406,-0.0036594214036263922,0.00459613321268082,-0.0037773899454228294,-0.0037371479963588944,0.003793693806569687,0.004141729762851654,-0.004051096355207395,-0.004508844333462991,0.003854882902410428],"worst_subj":17,"t_latte_cold":7.398235584,"t_latte_warm":0.138867292,"t_rinla":1.9746,"inla_version":"25.6.7"}