"name","mean","sd","q025","q5","q975"
"(Intercept)",-1.37966484549911,1.2083201685805,-3.7464865204787,-1.38329670192326,1.00760722270164
"log_base4",0.880771288358821,0.135334989023365,0.614202617748352,0.880856732648535,1.14687438148408
"Trt",-0.954119017719617,0.411127923770201,-1.76442274906352,-0.953505898359806,-0.147356396106963
"trt_logbase4",0.350038836841156,0.209149295624399,-0.0612782074592806,0.349983543995485,0.761703547955351
"log_age",0.479657497538473,0.354924097138231,-0.221882230085438,0.480830523252292,1.1745830274858
"V4",-0.103958157674352,0.085865346240783,-0.271837257286959,-0.104202295384604,0.0653018576230502
