"name","mean","sd","q025","q5","q975"
"(Intercept)",-1.37966502015666,1.20831996666352,-3.74648629293059,-1.38329687589586,1.00760664682608
"log_base4",0.880771295308607,0.135334965175033,0.614202672197985,0.880856739600693,1.14687434074551
"Trt",-0.954119021571918,0.411127858687289,-1.76442262327872,-0.953505902321558,-0.147356529325207
"trt_logbase4",0.350038844988652,0.209149260161665,-0.0612781286533689,0.349983552143015,0.761703485376255
"log_age",0.47965753598021,0.354924037626553,-0.221882073260326,0.480830561479996,1.17458294744838
"V4",-0.103958136992936,0.0858653673173623,-0.271837278391273,-0.104202274575999,0.0653019191415636
