{"scenario":"nhtemp","n":60,"ks_α":0.028662500060533724,"sgn_α":0.028662500060533724,"ks_x":[0.05186505732408808,0.042965882390023524,0.03292007409402997,0.021969638280966652,0.011510285462421277,0.015075879397204173,0.02751750004057707,0.03923617771688309,0.04919057088546874,0.05693880655924172,0.062404282181312276,0.06556093922473039,0.06648057725873568,0.0652486473485761,0.062273128951918,0.05811704050545308,0.05358992148659994,0.04921119933428647,0.045657755590166965,0.043889938048871896,0.04446609540401347,0.0464107001124372,0.04905328468659581,0.05097635742236106,0.052628388409363014,0.0529150089308249,0.051308938986141694,0.047289963088955556,0.04090622887379164,0.033713329895924515,0.02657462517058584,0.03475173008846211,0.04802866310532328,0.06405426537038816,0.08061415844574438,0.09577386665027465,0.11013178570980553,0.12136746732662951,0.12853094699107936,0.13129466277224466,0.1294739926729882,0.12279871600746761,0.11069259112236984,0.09481239427616756,0.07642076344706195,0.056518901936324695,0.03720053833591619,0.02615682046044246,0.0405856394440291,0.054681343077842226,0.06595606702027035,0.072972338925895,0.07536387278755136,0.07345010483596948,0.0678342254289982,0.05947057928800614,0.050002272128689074,0.041115191951422325,0.03345552534337187,0.02821970806824825],"sgn_x":[0.05186505732408808,0.042965882390023524,0.03292007409402997,0.021969638280966652,0.011510285462421277,-0.015075879397204173,-0.02751750004057707,-0.03923617771688309,-0.04919057088546874,-0.05693880655924172,-0.062404282181312276,-0.06556093922473039,-0.06648057725873568,-0.0652486473485761,-0.062273128951918,-0.05811704050545308,-0.05358992148659994,-0.04921119933428647,-0.045657755590166965,-0.043889938048871896,-0.04446609540401347,-0.0464107001124372,-0.04905328468659581,-0.05097635742236106,-0.052628388409363014,-0.0529150089308249,-0.051308938986141694,-0.047289963088955556,-0.04090622887379164,-0.033713329895924515,-0.02657462517058584,0.03475173008846211,0.04802866310532328,0.06405426537038816,0.08061415844574438,0.09577386665027465,0.11013178570980553,0.12136746732662951,0.12853094699107936,0.13129466277224466,0.1294739926729882,0.12279871600746761,0.11069259112236984,0.09481239427616756,0.07642076344706195,0.056518901936324695,0.03720053833591619,-0.02615682046044246,-0.0405856394440291,-0.054681343077842226,-0.06595606702027035,-0.072972338925895,-0.07536387278755136,-0.07345010483596948,-0.0678342254289982,-0.05947057928800614,-0.050002272128689074,-0.041115191951422325,-0.03345552534337187,-0.02821970806824825],"worst_x":40,"t_latte_cold":17.252657042,"t_latte_warm":0.219522834,"t_rinla":1.5824,"inla_version":"25.6.7"}