{"scenario":"nhtemp","n":60,"ks_α":0.028623462391245802,"sgn_α":0.028623462391245802,"ks_x":[0.05049069352037583,0.04179462681632773,0.03289789893570361,0.022754440874795168,0.011432766843023634,0.012159879696843123,0.02732755911503909,0.040513191705902396,0.05049142991360733,0.05698496529768471,0.05963870312856523,0.059036298790964115,0.05608853549034032,0.051536079927722245,0.04627675749601895,0.04195009360480351,0.038123859423834505,0.03395434881113016,0.030458740678299123,0.029114252546181885,0.03126766928067701,0.035482332628752,0.03974290328995195,0.044015693289971625,0.04841832409962621,0.052166367966514915,0.05377330319981083,0.05231041015793375,0.048132662251659186,0.048572732010855824,0.03102484964035962,0.02438305425919518,0.037234854376780646,0.05476439010227674,0.07271349375197256,0.08840725524731263,0.10232857637380588,0.11319210864232254,0.12028447338309256,0.1233656680716051,0.12224136052207923,0.11602207787957869,0.10414049502445766,0.08816774117338672,0.06954295486511186,0.048670728950853004,0.028354267395138244,0.030337039591188164,0.04843189214427418,0.0636312216530528,0.07414625120685259,0.07925159557862704,0.07901674647355922,0.07384195618547745,0.06415898349269783,0.05111222229027712,0.03785241806923412,0.027310738195806983,0.019423251951438097,0.015233802530581542],"sgn_x":[0.05049069352037583,0.04179462681632773,0.03289789893570361,0.022754440874795168,0.011432766843023634,-0.012159879696843123,-0.02732755911503909,-0.040513191705902396,-0.05049142991360733,-0.05698496529768471,-0.05963870312856523,-0.059036298790964115,-0.05608853549034032,-0.051536079927722245,-0.04627675749601895,-0.04195009360480351,-0.038123859423834505,-0.03395434881113016,-0.030458740678299123,-0.029114252546181885,-0.03126766928067701,-0.035482332628752,-0.03974290328995195,-0.044015693289971625,-0.04841832409962621,-0.052166367966514915,-0.05377330319981083,-0.05231041015793375,-0.048132662251659186,-0.048572732010855824,-0.03102484964035962,0.02438305425919518,0.037234854376780646,0.05476439010227674,0.07271349375197256,0.08840725524731263,0.10232857637380588,0.11319210864232254,0.12028447338309256,0.1233656680716051,0.12224136052207923,0.11602207787957869,0.10414049502445766,0.08816774117338672,0.06954295486511186,0.048670728950853004,0.028354267395138244,-0.030337039591188164,-0.04843189214427418,-0.0636312216530528,-0.07414625120685259,-0.07925159557862704,-0.07901674647355922,-0.07384195618547745,-0.06415898349269783,-0.05111222229027712,-0.03785241806923412,-0.027310738195806983,-0.019423251951438097,-0.015233802530581542],"worst_x":40,"t_latte_cold":9.914472708,"t_latte_warm":0.143736417,"t_rinla":1.5824,"inla_version":"25.6.7"}