{"scenario":"nhtemp","n":60,"ks_α":0.026985815609026076,"sgn_α":0.026985815609026076,"ks_x":[0.06569115133309222,0.055140997334857444,0.04217955304429977,0.026987928456714716,0.012637448897169778,0.022129677710440054,0.038040738657990014,0.051897778453955656,0.0632120105024448,0.07186077264136231,0.07789634254051814,0.08123248024557694,0.0816341791385829,0.07893229603917162,0.07362796744398886,0.06671539870136056,0.05952383613224421,0.05245614712491681,0.04716537522855874,0.04409443743509728,0.0445581587491129,0.047927763181420224,0.05189465527729073,0.05637630501434654,0.06020414566572996,0.06279217677767163,0.06349469698718702,0.06181699614928704,0.056863984739619844,0.04860510813751984,0.037233169650051606,0.04424726451888661,0.06255536555328312,0.08430529646339968,0.10646728315904591,0.12636067959613606,0.14145726446531132,0.15248487569887764,0.15789558443326662,0.15963683408522933,0.15782532498938912,0.15171925197790187,0.13935463650323487,0.12156952980989216,0.09815057042266867,0.07076301128204243,0.04376071474893861,0.03500956193626367,0.0538658117699784,0.07035504567040402,0.08265861487809634,0.09018797816506458,0.0931228740162528,0.09173612918517055,0.0858011324547388,0.0753253331632906,0.061916262313103765,0.04948445092133574,0.04046632911244297,0.03559507292613434],"sgn_x":[0.06569115133309222,0.055140997334857444,0.04217955304429977,0.026987928456714716,0.012637448897169778,-0.022129677710440054,-0.038040738657990014,-0.051897778453955656,-0.0632120105024448,-0.07186077264136231,-0.07789634254051814,-0.08123248024557694,-0.0816341791385829,-0.07893229603917162,-0.07362796744398886,-0.06671539870136056,-0.05952383613224421,-0.05245614712491681,-0.04716537522855874,-0.04409443743509728,-0.0445581587491129,-0.047927763181420224,-0.05189465527729073,-0.05637630501434654,-0.06020414566572996,-0.06279217677767163,-0.06349469698718702,-0.06181699614928704,-0.056863984739619844,-0.04860510813751984,-0.037233169650051606,0.04424726451888661,0.06255536555328312,0.08430529646339968,0.10646728315904591,0.12636067959613606,0.14145726446531132,0.15248487569887764,0.15789558443326662,0.15963683408522933,0.15782532498938912,0.15171925197790187,0.13935463650323487,0.12156952980989216,0.09815057042266867,0.07076301128204243,0.04376071474893861,-0.03500956193626367,-0.0538658117699784,-0.07035504567040402,-0.08265861487809634,-0.09018797816506458,-0.0931228740162528,-0.09173612918517055,-0.0858011324547388,-0.0753253331632906,-0.061916262313103765,-0.04948445092133574,-0.04046632911244297,-0.03559507292613434],"worst_x":40,"t_latte_cold":8.717159792,"t_latte_warm":0.037069417,"t_rinla":1.711,"inla_version":"25.6.7"}