{"scenario":"nhtemp","n":60,"ks_α":0.02696221962418277,"sgn_α":0.02696221962418277,"ks_x":[0.05032817396823064,0.04169136664944728,0.03285793184311636,0.022795458001911628,0.011544676250376251,0.011884326458257988,0.026949797486976457,0.04008543576224116,0.05005146476596206,0.05656699691224509,0.059292499120863984,0.05879309814439959,0.055958555530049414,0.05152140304399461,0.04638088626404335,0.04213542910786339,0.038349523803257624,0.03421087926043215,0.030752384753599704,0.02941979562046923,0.031540039457633395,0.03568943596592833,0.03988708719170592,0.044053607701551756,0.04832453567472966,0.051917115058487506,0.0533883075880901,0.051823060959484635,0.04771392069386571,0.04815550358218762,0.03051777895689145,0.02454755703175382,0.037371803478600696,0.05478065376514196,0.07259495810094307,0.0881857481396967,0.10206690767562443,0.1129224095610073,0.12001471444155021,0.12308462255081265,0.12193909109250844,0.1156934974203046,0.1037857679994556,0.0878163083655154,0.0692584484030564,0.048544256320286805,0.028392978787398993,0.030048013731880763,0.04798259310439429,0.0631047001901352,0.073619627271233,0.07874477523641815,0.0785383784789902,0.07341320344032337,0.06380837091297692,0.050891855730171964,0.03780801203794759,0.0274123455163085,0.01958478497892252,0.015390440916939196],"sgn_x":[0.05032817396823064,0.04169136664944728,0.03285793184311636,0.022795458001911628,0.011544676250376251,-0.011884326458257988,-0.026949797486976457,-0.04008543576224116,-0.05005146476596206,-0.05656699691224509,-0.059292499120863984,-0.05879309814439959,-0.055958555530049414,-0.05152140304399461,-0.04638088626404335,-0.04213542910786339,-0.038349523803257624,-0.03421087926043215,-0.030752384753599704,-0.02941979562046923,-0.031540039457633395,-0.03568943596592833,-0.03988708719170592,-0.044053607701551756,-0.04832453567472966,-0.051917115058487506,-0.0533883075880901,-0.051823060959484635,-0.04771392069386571,-0.04815550358218762,-0.03051777895689145,0.02454755703175382,0.037371803478600696,0.05478065376514196,0.07259495810094307,0.0881857481396967,0.10206690767562443,0.1129224095610073,0.12001471444155021,0.12308462255081265,0.12193909109250844,0.1156934974203046,0.1037857679994556,0.0878163083655154,0.0692584484030564,0.048544256320286805,0.028392978787398993,-0.030048013731880763,-0.04798259310439429,-0.0631047001901352,-0.073619627271233,-0.07874477523641815,-0.0785383784789902,-0.07341320344032337,-0.06380837091297692,-0.050891855730171964,-0.03780801203794759,-0.0274123455163085,-0.01958478497892252,-0.015390440916939196],"worst_x":40,"t_latte_cold":8.761332166,"t_latte_warm":0.0281725,"t_rinla":1.5824,"inla_version":"25.6.7"}