{"scenario":"tokyo_rainfall","n":366,"ks_x":[0.025446092482180882,0.024204589378699515,0.022839420803701382,0.02134426602291406,0.019722039489843524,0.01798808750155312,0.01615747260499678,0.014277814332217309,0.01258326440330737,0.010905717943496263,0.009353191248792414,0.008155642670786167,0.007451514022278394,0.008903724306701416,0.01056963963651425,0.012456012691884288,0.014428965725111764,0.01647297089541272,0.018631394907986265,0.020817942968809455,0.023006813925906255,0.025181222918214563,0.02731261562509435,0.029360684385141445,0.031317705268550045,0.03315958560845805,0.03484584759152015,0.03636723925505064,0.03772107104336986,0.03891060712404293,0.039944489721263576,0.04083630481522138,0.041583003707030275,0.0421865478750959,0.042633874671364536,0.042916543187772827,0.04303048834114209,0.04297588629228516,0.042757192454778714,0.04238336241948598,0.0418682405968589,0.04123108249530516,0.040497155613608726,0.03969834785381554,0.03885089909428985,0.03795712407092483,0.03702602038896985,0.03612902922735939,0.03527206817082296,0.03441177990288441,0.03352360202463173,0.03258980333422318,0.03159994210771194,0.03055136506675199,0.02948270012899548,0.028483115356506272,0.027403650823132814,0.02622830568607204,0.02492871445929526,0.023619483601321795,0.022280228316403278,0.020788356946673858,0.019143796659607415,0.017697706192928903,0.01609238522026768,0.016491273549897545,0.018618902706614704,0.02079736690137557,0.023309554315256165,0.02596345406337619,0.02864558335191314,0.031561606662967034,0.03438146376025619,0.03706662678061845,0.039823408490786916,0.04239405553158038,0.04473772143627408,0.04685752576896984,0.04877165418944884,0.05050815594169711,0.052027109752683764,0.05334150065297594,0.05446686209780216,0.05540407442067852,0.05615647827298409,0.056744870414471515,0.05717476503548358,0.05743722217327685,0.05752454239692839,0.05742971086576387,0.05714601768242766,0.05666687438369278,0.05599248255056144,0.05513978762470184,0.05411192924591601,0.052899072141576964,0.05153165420851746,0.04996477670037258,0.048176627600973077,0.04614768316744655,0.04388083562454481,0.041365427745646555,0.038707383639385196,0.035887357459078006,0.03284392487843513,0.029591873681141134,0.026423158768470567,0.023044066753171166,0.019834132088820455,0.016612711568190996,0.0175446644687475,0.020672061971763273,0.024070680081549417,0.02752548374960284,0.03103859282913421,0.034256919775976946,0.03755551576662586,0.04046676770665969,0.043008738112388145,0.04543723077381712,0.047629828125293594,0.04951399467554646,0.05112962519454617,0.05250414303649675,0.05370810798008552,0.054721736399002685,0.05554807863979444,0.05621811110916103,0.05674691989882752,0.05713848759184614,0.057402102382708486,0.05755220454230353,0.0576086172343252,0.057596962289664544,0.05754915470256161,0.05748765376487758,0.057425374259989836,0.05736548028516286,0.057284919731398265,0.05713414660321636,0.0568691888923365,0.05652735226590966,0.0559994581291412,0.055251381429403446,0.054252767068373065,0.052960255920955934,0.051416092530736174,0.049744963781052476,0.047614823496329395,0.044954721456489544,0.041953473363757154,0.03868309099645392,0.03471361416686894,0.030780586766378043,0.026199941325002557,0.021999127477066338,0.017490936668906096,0.017123353277856745,0.022124290968121407,0.027665199736620627,0.03341215117434526,0.03918123807582197,0.044659565684357694,0.049654202779544354,0.054145643011682454,0.0580978166786128,0.061503441496002176,0.06440413233103859,0.06684036676051874,0.06885603474080604,0.07050126803147139,0.07182534985018729,0.07285748073509579,0.07362636639314979,0.07415856122439979,0.07447083010514044,0.07457736653897418,0.07448463135520966,0.07420024766092803,0.07373451931274877,0.07310293838098281,0.07232018355811598,0.07140190534911284,0.07035607270971878,0.06918148977406935,0.06786491505080128,0.06639118452872073,0.06473084861242573,0.06285855565185483,0.06074770790227246,0.05837278314753391,0.055726300401125695,0.05285430865877783,0.04971575050047772,0.046286528057395304,0.0425685312253713,0.0385943339263064,0.034468672686275625,0.030017909439936652,0.02550861334271226,0.020930111660005024,0.016598386327516312,0.018535270208108356,0.02308808937679191,0.027909650283967496,0.03324675667218535,0.038259152316712786,0.043146994529455585,0.0473445550923936,0.0514270860986204,0.054869649323478764,0.05773234439044156,0.06018311260486903,0.06218452640204031,0.06376245827198507,0.06496908723849959,0.06584689911667935,0.06644302457289886,0.06679720168848496,0.06689932232827611,0.0667675022256104,0.0664169059524467,0.06586174593189442,0.06511746674855029,0.06420040665526872,0.06313296850301159,0.06194617270258451,0.06066770487208312,0.05932079872009832,0.0579227195295417,0.0564833170247222,0.05500367444796567,0.05350651943087581,0.052004970273805184,0.050445848980349095,0.04878396816692199,0.04702410644245758,0.045103654456514486,0.04291053187010524,0.04040025403365011,0.03792067487837952,0.035072500817877716,0.031874046782397775,0.02881097426440865,0.025380905116089897,0.022215491710503604,0.018822233962230955,0.01598764630662472,0.018452827409268457,0.021842999106489014,0.025527695328478095,0.029138013581014532,0.03280648074897918,0.03626431295170729,0.039425092737948364,0.042405579329071075,0.045158658787613826,0.047588014933999334,0.04967037163827415,0.05139117162537121,0.05276477502314625,0.05386228376613411,0.05466692721007049,0.05517446107073187,0.0553891681591151,0.05532785775977367,0.05502075716690924,0.05449804285800508,0.05377555872296047,0.05287178389095859,0.05181062121891211,0.05062610361845887,0.049347261412800436,0.04802476581114179,0.04672027347640695,0.045493621278154706,0.044372879362757356,0.04337945767554707,0.042519517896271286,0.04178333723026595,0.04116572103859051,0.04064604015504625,0.04018812626575652,0.039740260367445934,0.039281939366875296,0.03876053787105038,0.038130284316416185,0.037368711410389666,0.03645913420981528,0.03536961170044939,0.03411914123181359,0.03277580714395101,0.031211166699667947,0.029398513687179384,0.02736046313134921,0.025370578306414093,0.023201053363441915,0.020984607204995287,0.01898844168692826,0.01695961845318361,0.01537784044359905,0.01702607784942084,0.018521798145308216,0.02017962476578103,0.02165887305705025,0.022932781391788115,0.024100424183017333,0.025221117154110323,0.02616806130303692,0.02697223826805767,0.027671275828132225,0.028338321912908915,0.029076087873292356,0.029792784502017666,0.03051269282607222,0.03124292174765647,0.03197679105014284,0.03271465379639782,0.03346346944247691,0.03425160467560967,0.035144222604839015,0.036077162321036416,0.037037684042554364,0.03801901396628432,0.039019885398343446,0.040023835228062965,0.04099980995076624,0.04192257904929364,0.042772405736646535,0.043534622117571864,0.0441800303606078,0.044684265504682796,0.04502651317873502,0.04518942284350569,0.04515847364720843,0.04492144650838764,0.04446804532365506,0.0437896926805465,0.04287943833817015,0.04173235959735522,0.04034621315235842,0.038721923901166466,0.03686439711480943,0.03478367095893953,0.03249371418305136,0.03001585581718169,0.02738003351919266,0.024605296793819897,0.021745022702192085,0.018865804472172787,0.015981327965243708,0.013180731282917663,0.010619991464955791,0.008381728117900417,0.00743461313835081,0.009040027476336476,0.010976966072914318,0.01312235765041636,0.015402009554373652,0.017803855162535798,0.0201310501811508,0.022352317461367566,0.024464106772641214,0.02651027542766915,0.028372235211143737,0.030037789803378345],