{"scenario":"tokyo_rainfall","n":366,"ks_x":[0.018919431652987373,0.017863324649688428,0.01672231029696114,0.015497583413009774,0.014197891499347692,0.012841615722515853,0.01167224582473092,0.010599034702479582,0.009532662136544912,0.008906344296967406,0.009983691825206864,0.011147467431182168,0.01238395118478336,0.013748031030734131,0.015164489435310236,0.016632826131523226,0.018146106799721284,0.019703805046894174,0.0213125005196364,0.022966916014323047,0.02464778069934409,0.026343084221073676,0.02802838916356598,0.029667136749707168,0.03122979159455508,0.032693840724358714,0.03404346249194906,0.035269006150482174,0.036366565712565024,0.03733750167091099,0.03818799357431418,0.03892872452335644,0.03955496850768553,0.04006664219420997,0.04044985662534467,0.04069503122484852,0.040796718482503325,0.04075351898979268,0.0405681445177033,0.04024763888665989,0.03980374344487597,0.03925337711699256,0.03861918147908816,0.037930066076606095,0.037200312281417514,0.03643125896762067,0.03563045018504796,0.03481898680485879,0.03408795902609507,0.03335364042650729,0.03259214073137068,0.031785922951508117,0.03092423953924045,0.030003608309723595,0.029028341975002148,0.028078649952165413,0.02711235115693164,0.026053023651212925,0.02487409887976702,0.023556797295462006,0.0223122645664956,0.02093755471521591,0.019416611046275428,0.01789776699361678,0.016402895603609607,0.01474878647738076,0.015494036339460893,0.01753302922870159,0.019642617717723243,0.022154968295811983,0.024643142543455343,0.02729434858710955,0.029999843842992036,0.03259086088972274,0.03508436801456538,0.037575195288731655,0.03985920952504318,0.04193787936571314,0.04381920566508146,0.045498862102651305,0.04698433572230709,0.0483025698034788,0.04945670437232175,0.050436810637302654,0.05124612258211125,0.05190443543245438,0.05241706897808962,0.05277569766981882,0.05297320090704338,0.053003114247572425,0.052859245580423764,0.05253547409188408,0.05204924794777932,0.05140811600582207,0.05060964304922466,0.0496430055445759,0.04849891733806233,0.047170280510627105,0.045636076084729305,0.043877135523980204,0.04189482022172908,0.03967731121120355,0.037352211753658215,0.034807879265726926,0.03204371798314498,0.029064353390660602,0.026063284054123503,0.022925072407534053,0.01976946756858411,0.016728490686874653,0.015273952983340194,0.01788801822565178,0.021039898992480488,0.02403803114166672,0.0273460065543219,0.03037469352270586,0.03331445898739738,0.036105544769596376,0.038552694451848,0.04068344788916439,0.04275087760078411,0.04456032197235221,0.04611294618269013,0.04743339876348568,0.04853593920552551,0.04944065707441092,0.05020223524312195,0.050830500749120044,0.05131959738692926,0.05167306857602583,0.051899646845388114,0.052013108021552235,0.052032494157509934,0.051982506849889754,0.05189404523427388,0.05178900643695755,0.05168018848673245,0.051571081981704736,0.051448609623710784,0.05130622022216952,0.051060284824019864,0.05067129320639263,0.05010403322713719,0.04932723986858978,0.04831369359332477,0.047065961486326746,0.04577494614248445,0.04412564816741643,0.04205135599653481,0.03949671016661441,0.03695840436259826,0.033850619511521574,0.030440509463441734,0.02685197025487615,0.023040957754566632,0.019232942240614587,0.0156657905856777,0.017963005500611584,0.022746459952276865,0.027986017903813942,0.03318973877633902,0.038425848536677965,0.043314837668260386,0.04775420671439645,0.05168684235409604,0.055111279030665705,0.0580769312742645,0.060586533715030644,0.06267827773744605,0.06439297288321932,0.06577671034791044,0.06687441672251837,0.06771227492251353,0.06831592517414231,0.06870901171023425,0.06890617486003725,0.0689202154166374,0.06875683396312526,0.06842295591871661,0.06792819976345521,0.067287258191287,0.06651426943939964,0.06562445674534789,0.06462595759003154,0.06351838272528532,0.062290042877983676,0.0609275033393466,0.05940399794519435,0.05769723052578535,0.055783953271004494,0.05364216302021563,0.05129548266728445,0.04873372892100203,0.04592550293009123,0.04286805811144012,0.039562415937451356,0.0359937770227996,0.03228402524588514,0.028312888775809175,0.0241318135704488,0.019968827188123317,0.01594863702695648,0.01707700579846949,0.020920054600606752,0.02533872559218925,0.029995722601439456,0.03440460693299799,0.03891046601985387,0.04283888557250631,0.046364260979811,0.04959829101122881,0.05230175820007882,0.054528031914233666,0.056366323355201864,0.05787455177005835,0.05903554974771025,0.05988753448513412,0.06046144002442694,0.06078139694283191,0.06086654483802234,0.06073249426469346,0.060392937095153754,0.05986143352231488,0.059168219236131914,0.058316645895297115,0.05732116074391219,0.056211310274082216,0.055013552265161025,0.053750155448055004,0.052449806855707104,0.05113734252204849,0.049797222164653376,0.04841997451856572,0.047001645860740515,0.04552846594529619,0.04402843588789507,0.04240812002686195,0.040582926365947625,0.03849985064924616,0.03633689539461771,0.03396631791881932,0.03125164851255818,0.02844300179781095,0.02552266718193072,0.022458575298720918,0.0195358443754598,0.016646136560216435,0.015161445703935406,0.018292551764954257,0.02157589335091381,0.02512709910138966,0.028567499060660362,0.03207224865815228,0.03532862852416174,0.038307208522186054,0.04104399000008263,0.04360375824414353,0.04585667526075632,0.04777960822079841,0.049357178841432425,0.05060102587711457,0.05153827016040935,0.052179548690251765,0.05253365326564574,0.052624271685236534,0.05246490834108508,0.052067033719427336,0.05145900413834248,0.050655843718053095,0.04967511519142942,0.04853843553511783,0.04727293225698359,0.045919571072155385,0.04452741290926587,0.04315400069701525,0.041846779305874104,0.04064101856722213,0.03955824930007379,0.03860530249826899,0.037773662036824085,0.03706121564060305,0.03646961246944669,0.03594280745883904,0.035432395151402174,0.03490145159057134,0.034298480219260075,0.03359685093255971,0.03277545802528725,0.031818702236416585,0.030799178826930063,0.02963550005883775,0.02827967795491504,0.02672073414427445,0.02495944965872543,0.023208387204570746,0.02126988880434233,0.019246728887225673,0.017395509345443316,0.015489081945958882,0.014365123856070444,0.016037560476609175,0.017596336248768135,0.01930281860065408,0.020887152005841375,0.022275307745957595,0.023596381463146743,0.024818547823280607,0.02585046533958149,0.026713781976209383,0.027436956456725725,0.028157006451253408,0.028832593400502315,0.029463681468054614,0.030065673219192846,0.03066042581249978,0.03125647223142314,0.03184941369180455,0.032441330214895425,0.03310360511213434,0.03379678595816121,0.03452594625035499,0.035294525285614164,0.036091959740738255,0.03691313704887461,0.03775796870802933,0.038612267472694195,0.039448392195630844,0.04024416781584056,0.04098599611413084,0.04166969076192201,0.04225685792535677,0.042727299877413194,0.04306445460534136,0.043255323849491545,0.04328982150766286,0.04316020197469672,0.04286060602331676,0.0423867450835968,0.04173565458505413,0.04090592283915245,0.03989814298757799,0.038715153460888,0.03736260070352637,0.03585440439342391,0.034206195898725866,0.03242412825365759,0.03053124498555515,0.028539039836431468,0.02646669221428055,0.024341289420725665,0.02219778179447568,0.02008090042682914,0.01803902563051435,0.0160671050503024,0.014175164739274548,0.012404306604736404,0.01077308152605988,0.009429794885523202,0.010755440527743909,0.012071236064180701,0.013459261543447454,0.015172806613205303,0.01681517910852448,0.018359096896521265,0.019782343373160427,0.02131549912796804],