{"scenario":"tokyo_rainfall","n":366,"ks_x":[0.02543190134100104,0.02418900586194961,0.022822340442758104,0.02132560447563836,0.01970173108982798,0.017966081757478602,0.01613373904834403,0.014259670150792547,0.012563415478155093,0.010884081275211566,0.009338005388611736,0.00813875107741413,0.007465453519627074,0.008921739476015295,0.010586299195077475,0.012476332675900481,0.014447773286498072,0.01649523145443965,0.01865202990444237,0.0208368756270505,0.023023983772436085,0.025196576823668104,0.02732612875569962,0.029372381959147764,0.031332796622572656,0.033173038066388716,0.03485778103605258,0.036377789422620266,0.03773038092588782,0.03891881878715925,0.03995173655477713,0.04084270416698599,0.041588679019645025,0.04219162136468191,0.042638489099596166,0.042920854685869925,0.043034659529129826,0.042980079553315564,0.04276156316964691,0.042388051943967275,0.041873368779115905,0.0412367395833782,0.040503393490591566,0.03970517065247181,0.03885828314302492,0.03796503777927002,0.03703441445983091,0.03613295773180508,0.03527632886140458,0.0344162815507002,0.033528286440752286,0.03259463393998113,0.031604891969792825,0.030556404551643213,0.02948346724067874,0.028483999568247237,0.02740465939969977,0.026229453652461876,0.02493003949315903,0.02361737221423385,0.022278594057282164,0.02078728326698706,0.0191433441200643,0.01769491852134014,0.01609059494484874,0.016501146210914364,0.018628465007982986,0.020806131918715498,0.023320126554265075,0.02597275172483915,0.028656342475239516,0.03157075434216272,0.03438866940341434,0.037071682766017355,0.03983032441757661,0.04239896536422172,0.044740637750120826,0.04685851663114038,0.04877334027672331,0.05050823299775742,0.052025718610042015,0.053338791991885626,0.05446298426577456,0.05539918791626419,0.05615074724125135,0.056738433877817185,0.05716775609082836,0.05742978625092543,0.057516833443249205,0.05742188863901998,0.057138245837592305,0.05665931901036969,0.05598530999608875,0.055133140442311546,0.05410594509317934,0.05289255801769022,0.051524467150792064,0.04995873364136383,0.0481719347605325,0.0461445743460861,0.04387953969335179,0.04136618598354902,0.03870480812242583,0.03588731841512327,0.03284665374707818,0.0295922685602662,0.026426691919677947,0.023050964722768685,0.019839175959420197,0.016615913374176117,0.01754488902109369,0.020670611686858437,0.024068142657676095,0.02752108865576461,0.031033307863921777,0.03425011250769994,0.03754828597541565,0.04045890957280507,0.043000122412955366,0.04542906400794677,0.04762150948707777,0.04950544567454279,0.05112079801548253,0.05249502455251931,0.053700063651812735,0.05471362121767487,0.05553990577802986,0.05620989096650536,0.05673866615127454,0.05713022408147406,0.057393851131858964,0.05754397404925771,0.05760039100122433,0.057588687655953874,0.057540732326402444,0.05747894721021879,0.05741621985481832,0.05735569662064971,0.05727433295710105,0.057122609271441305,0.05685575005539345,0.0565129301862663,0.055983921065675124,0.05523454164262798,0.054234357293637625,0.05293992366562661,0.05139488096533318,0.04972221984503339,0.04759006679066213,0.044927338395658045,0.04192775981109345,0.03865513929140135,0.03468260297728151,0.030754209489557482,0.026170787259456596,0.021976904512351236,0.017476540592944345,0.017136698203391143,0.022138109818301888,0.02767872870679322,0.033419510698413424,0.03918809695946501,0.04466073565697659,0.04965028281863415,0.054140272523831245,0.05808873048522356,0.061491270181987745,0.06438943434359756,0.0668236376745096,0.06883770581542192,0.07048170106053686,0.07180484128290565,0.07283629077924025,0.07360472262290907,0.07413666277729913,0.07444886040804088,0.07455550273278044,0.07446305289183208,0.07417913302227541,0.0737140397005327,0.07308324684388057,0.07230141143858981,0.07138415635263218,0.07033943017737487,0.06916602711953157,0.06785071020532762,0.06637832116159426,0.06471943573880745,0.06284873116838563,0.06073964218628658,0.058366681494886774,0.05572238049847156,0.05284986423322213,0.049713934659055936,0.04628761470084386,0.04257281669142121,0.03859639399102943,0.034474498147479715,0.030027908839991846,0.02551725755425782,0.020937575083061377,0.016610171842584953,0.018526697260043884,0.023075407695807515,0.027893087636378877,0.03323168951211167,0.03824144514096944,0.04313023850481623,0.04732759265844905,0.05141013791196297,0.054852783566087804,0.057715011554139495,0.06016692210914498,0.06216797325657436,0.0637454828477877,0.06495174340222515,0.06582930897542677,0.06642832465811982,0.06678265283910984,0.06688507361694462,0.06675371758381438,0.06640375661843778,0.0658494030962391,0.06510609271436507,0.06419014366170184,0.06312392395187005,0.06193840117621602,0.06066120634606442,0.059315519313911935,0.05791855504123783,0.0564801189580183,0.05500125782805004,0.05350315735567196,0.052002183461936136,0.05044339577775092,0.04878161011117982,0.047020848279387406,0.04510041745239801,0.042907106819303376,0.04039592543203452,0.03791663188051764,0.03506847530381535,0.03187036245802197,0.02880772303959203,0.025377622642484804,0.02221385338895901,0.018820770810733883,0.015988068133177324,0.01845940360466536,0.02184578999649489,0.025531832684512756,0.02913818984748784,0.03280830476506158,0.03626254922871952,0.03942009195369278,0.042403544589095565,0.045154061005443835,0.04758122503638118,0.04966178657619791,0.051381200576443575,0.052753809801757034,0.053853811128411255,0.05465812636225775,0.05516566324848271,0.055380706048005046,0.05532005049698696,0.05501389165648152,0.05449237141353136,0.05377131603024188,0.052869179868782146,0.05181268717000331,0.05063005539876153,0.04935317489675317,0.048032642024818384,0.04672826201465741,0.04550241379122755,0.0443831662655394,0.043390971751455454,0.042531980187358154,0.04179648081328646,0.04117928405845006,0.04065978809997539,0.04020187344791859,0.03975389018740316,0.0392928625092539,0.03877132068323563,0.038140986742724925,0.03737941286938007,0.03646991798074328,0.0353805779857147,0.03412598896800012,0.03278326355728678,0.031219350216098674,0.029407517296708652,0.02736670248588724,0.02537798546376091,0.023209535232333156,0.020990930847762046,0.018995786956354066,0.016967654991359327,0.015378582134282948,0.017025778589656065,0.018520487579511996,0.0201806261190981,0.021659248100330847,0.022932659392888216,0.02410361326648075,0.02522428637978147,0.0261713203561727,0.02697567784206839,0.02767495203570597,0.028346561319367802,0.029084642259058102,0.029801589486411373,0.03052166099890269,0.03125195941671699,0.031985817608444767,0.03272359120488111,0.033472231955429865,0.034264996440558804,0.035157230068113166,0.036089641892622926,0.03704951048222915,0.038030071957662115,0.03903006151982347,0.04003304017492387,0.04100800028111906,0.04192974887420403,0.042778578721406224,0.04353984393507043,0.0441843901670525,0.04468788856727779,0.045029554369341196,0.0451920609422542,0.04516090650575472,0.04492388697469618,0.0444707177603772,0.04379282985583682,0.042883278432903904,0.04173714305722637,0.04035217911844674,0.038729305979830875,0.0368734182988128,0.034794537587354624,0.03250660916022896,0.030030930709575465,0.027397400002199646,0.024625047476246054,0.021762221811877314,0.01888553004721194,0.016003556685868725,0.013200360844104808,0.01064188120802595,0.008400434936404078,0.0074157057155211925,0.009022962738384432,0.01095280229986928,0.01310008928054951,0.015373589387442599,0.017777268521936174,0.020106264306590127,0.02232927167237797,0.024435623937004824,0.026483630247724266,0.02834741313397282,0.03001475471827375],