{"scenario":"tokyo_rainfall","n":366,"ks_x":[0.02543190072188961,0.02418900439305771,0.022822338026606603,0.02132560101256442,0.01970172647903934,0.017966075898208866,0.016133731841491028,0.01425966535157075,0.012563409456398444,0.010884073923503546,0.009338000899327015,0.00813874548385729,0.007465471006005003,0.008921761357034014,0.010586320150641843,0.012476357279565975,0.014447796924114575,0.01649525832067461,0.01865205583377627,0.02083690056245313,0.02302400766794893,0.025196599642371198,0.02732615047663184,0.029372402585262858,0.03133282087174172,0.03317306137419962,0.03485780344163247,0.03637781097724452,0.03773040168955899,0.03891883882508257,0.03995175593373573,0.04084272295199176,0.04158869728073078,0.04219163917274471,0.04263850653483853,0.04292087183418175,0.04303467647916248,0.04298009639365513,0.04276157998594976,0.04238806881600532,0.04187338577762323,0.04123675676661004,0.04050341090061094,0.03970518831135522,0.03885830105948168,0.037965055954527815,0.037034432884166524,0.036132971935098956,0.03527634336645741,0.03441629633323079,0.03352830148077973,0.03259464921611782,0.031604907453312236,0.0305564202007666,0.029483479268664403,0.02848401186990901,0.027404671936077096,0.02622946636957743,0.02493005232325088,0.023617381993387976,0.022278604124420814,0.020787293547208208,0.019143354506698407,0.017694926294040764,0.016090603034362355,0.016501157793223586,0.01862847645199106,0.020806142943130213,0.023320140441002057,0.025972765035831125,0.028656358646441782,0.03157076984257323,0.034388684012902515,0.03707169634148344,0.03983034142192621,0.04239898142728382,0.04474065283248574,0.04685853073765023,0.04877335609627875,0.05050824797949682,0.052025732815525694,0.05333880549668202,0.05446299715206393,0.05539920027619716,0.05615075917245427,0.056738445470879806,0.057167767437011685,0.05742979744917409,0.05751684459898887,0.05742189986382229,0.05713825724961319,0.056659330734830315,0.055985322164442075,0.055133153181997074,0.05410595853565503,0.052892572304584995,0.05152447922345349,0.049958746807778454,0.048171949192396424,0.04614459021527384,0.04387955714664682,0.0413662051366388,0.03870482292152866,0.035887335223060424,0.03284667261793539,0.029592283611643788,0.026426709227506895,0.023050984233597083,0.01983919182738203,0.016615925139742083,0.017544894905848152,0.020670618569425786,0.024068149472305206,0.02752109638007788,0.03103331552083527,0.03425012110469061,0.037548294569081764,0.0404589178914207,0.04300013027670063,0.04542907369331356,0.047621518954060915,0.0495054548298024,0.05112080680808806,0.05249503296599367,0.05370007338199623,0.05471363068850876,0.05553991500442024,0.05620989996930925,0.05673867495681034,0.05713023272222173,0.05739385964148713,0.05754398245815401,0.0576003993322623,0.057588695920438915,0.05754074052013891,0.05747895531623043,0.057416227846423806,0.05735570446455468,0.057274340621219166,0.05712261673114999,0.056855755814436526,0.05651293580930661,0.05598392653330203,0.05523454690999319,0.05423436227791317,0.052939928235632205,0.05139488377484866,0.049722222488524204,0.04759006904828211,0.04492733992641518,0.04192776082006222,0.038655139613768985,0.03468260198196629,0.03075420891946634,0.02617078512277951,0.021976903371076162,0.017476540362471843,0.017136715661169144,0.022138130445044757,0.027678752165335108,0.033419529429408845,0.03918811862646443,0.04466075298362515,0.04965029635194407,0.05414028628365808,0.05808874143061438,0.06149127889509309,0.0643894413095547,0.0668236432833813,0.06883771037547226,0.0704817048122619,0.071804844421266,0.07283629346277154,0.07360472498852888,0.07413666494421589,0.07444886248422444,0.07455550481898454,0.07446305508553597,0.07417913541632137,0.07371404238136003,0.07308324988903725,0.07230141491806519,0.07138416032996842,0.07033943472249538,0.06916603230930307,0.06785071613761195,0.06637832796309451,0.06471944357855486,0.06284874026581733,0.06073965281680738,0.058366693990484886,0.05572239521367328,0.05284987774932293,0.049713950898474746,0.04628763399232749,0.042572839250384464,0.03859641240470879,0.034474520140123865,0.03002793436557083,0.0255172796074028,0.020937593499495866,0.01661019375537376,0.01852670046765853,0.023075411414167968,0.027893091779669088,0.03323169406444687,0.03824145048296157,0.04313024380153285,0.047327597360160956,0.05141014440954711,0.05485278954569717,0.05771501683586033,0.06016692860396755,0.062167979177501276,0.06374548823906495,0.06495174834957701,0.0658293135849442,0.06642833146526694,0.06678265954886292,0.06688508033122414,0.06675372440371724,0.06640376364222533,0.06584941041763526,0.06510610042021714,0.06419015182912408,0.06312393264422422,0.06193841043791781,0.06066121620311238,0.05931552977420046,0.05791856609534929,0.05648013058012763,0.05500126997648741,0.05350316797569182,0.05200219459267552,0.05044340734938757,0.048781622040240114,0.04702085892988683,0.045100428453308916,0.04290711804362091,0.040395934448186066,0.03791664130477268,0.03506848491244052,0.03187037047317698,0.028807731298951533,0.025377630735634038,0.02221386046209617,0.01882077765867654,0.01598807407554917,0.018459421826851008,0.0218458056391162,0.025531851929210148,0.029138206337282924,0.032808324812673595,0.03626256662155647,0.039420106758456974,0.04240356362319442,0.045154077809608006,0.04758123981382667,0.04966179960131756,0.05138121215944913,0.052753820250139305,0.05385382388308113,0.05465813841539402,0.05516567484439572,0.05538071741384376,0.055320061834511214,0.05501390313646959,0.05449238317901184,0.05377132820804886,0.05286919257020006,0.05181270353543688,0.05063007244894868,0.04935319269064076,0.04803266059186029,0.046728281349133205,0.0455024308069526,0.044383183954368244,0.043390990045643285,0.04253199901483262,0.04179650010546787,0.04117930374716494,0.04065980812544068,0.04020189376613981,0.039753910777512,0.03929288055416369,0.038771339042890096,0.038141005452058674,0.03737943196265958,0.036469937483782355,0.035380597917763046,0.034126004456735415,0.03278327965792971,0.031219366937481285,0.029407534614935615,0.027366716119431422,0.02537799980184341,0.023209550155551706,0.020990942426067694,0.018995799063426078,0.016967667405306752,0.015378589662914194,0.017025785986921838,0.018520494720852487,0.02018063577991605,0.02165925773015795,0.022932668897716724,0.024103625622905273,0.025224298849234578,0.026171332868880598,0.026975690347776166,0.027674964494532994,0.028346577462092404,0.029084658497909754,0.02980160575514107,0.030521677234773836,0.03125197556450943,0.031985833625661486,0.03272360705738431,0.03347224761291839,0.03426501660748027,0.035157250075205815,0.03608966168893202,0.0370495300276838,0.038030091219591555,0.03903008047056816,0.040033058799081755,0.041008018583291006,0.041929766875964114,0.04277859645813298,0.043539861452767115,0.044184407529861414,0.04468790585459431,0.04502957167315397,0.045192078364741484,0.045160924157082505,0.044923904970886164,0.044470736221223384,0.0437928489024601,0.042883298185306507,0.04173716363251012,0.04035220062804018,0.03872932852361055,0.03687344196254183,0.03479456243871887,0.03250663524512554,0.03003095804896938,0.027397428589771622,0.024625077286297148,0.021762248531553008,0.018885558109960177,0.01600358601856966,0.013200387026519628,0.010641908648676035,0.008400458670070832,0.0074156991375341486,0.009022957500735562,0.01095279411015837,0.013100082699662341,0.01537358022143498,0.01777726108461386,0.020106258460414805,0.022329267268552333,0.024435617451501912,0.02648362531467896,0.028347409627792697,0.030014752510789222],