{"scenario":"tokyo_rainfall","n":366,"ks_x":[0.01615716657836075,0.015095558626343597,0.013948536055923055,0.012720141588441591,0.01163678742552765,0.010657957343756963,0.009626254867184603,0.009716589673250287,0.010432931656057631,0.011318862716725497,0.012315628399741485,0.01340783558223324,0.01455555304562528,0.015758830693876735,0.017009651284822846,0.01829576307780989,0.019611001343718237,0.02095292940458171,0.022323545179615434,0.02371679677326788,0.02511685330223895,0.02651320275142921,0.027887617824964073,0.02921464241731625,0.030474091693048766,0.03165090442780155,0.032734714923092156,0.03371932535920574,0.03460233235450366,0.03538474854275475,0.0360706628323923,0.03666702480518308,0.037170197147601725,0.03757958770837355,0.03788559377861528,0.03808389287562808,0.038175747857898734,0.03815275966403303,0.03801627326147444,0.03777045246884331,0.03742250016800208,0.03698295634991711,0.036466057682177255,0.03589012843459655,0.035263415685764965,0.03459446746458933,0.03389984444015315,0.03316892563592033,0.0324148053566114,0.03162987568012726,0.03079772850392154,0.02990601865526077,0.02901888917440515,0.028100415090143827,0.02712113569067992,0.026075670690878905,0.024947283231046946,0.023787504219394184,0.02262985100026718,0.021361551986972482,0.01995794113203961,0.01861793728602204,0.017223834632500712,0.015705874503656042,0.014344357690063314,0.013855055261944305,0.01562237877075734,0.01743491982472445,0.01950814039869997,0.021685236665372032,0.023917553530568125,0.026292433375140756,0.028562057377950145,0.030830002958192715,0.033072074787412586,0.035145949504620466,0.037041007448706975,0.038824023656563345,0.040429006201365913,0.04185607861436835,0.04311427856894645,0.044214299856755956,0.04516774526539735,0.045986987760572307,0.046662696860973796,0.04720608768751988,0.047621144971452534,0.04790225709376317,0.04804421164400585,0.048041884089577214,0.04789092458948496,0.04759640367569784,0.04714941700233599,0.04656069197875923,0.045831990835714986,0.044955878334487664,0.04392591302940618,0.04273709928038594,0.04137513472772081,0.03982683627458827,0.03810289347825968,0.03621594637571823,0.034132125098896626,0.03184969964132822,0.02937835135355249,0.026891073703861568,0.024237883049951336,0.02144929172757226,0.018754345303221398,0.016042259049633523,0.01398871141635799,0.01617920262835809,0.018830492939194615,0.02138665178743565,0.024225745691571043,0.02688471430456338,0.029493035615491436,0.032034562604983385,0.0342633781488933,0.036268194009990484,0.038260247142978765,0.039980837896166466,0.041462451023008495,0.0427293127777747,0.043828916146343544,0.04478751425992972,0.045577811709664906,0.04622456420765886,0.046739920573885596,0.0471281822205632,0.04739642894322155,0.0475542527789381,0.0476138620682276,0.047590426739243075,0.047502610454944694,0.04736300435735458,0.04717835942767723,0.04694956987535992,0.046660754670742544,0.0462829382774656,0.04585050202321411,0.045267923534248744,0.0445017961799174,0.04351870215485021,0.04228662568623848,0.040854728235215354,0.039396029142601485,0.03757369260296811,0.03531901527812187,0.0328823488678803,0.0302680373526312,0.027096903068682593,0.02421736278912448,0.020784077524246075,0.017844650369297665,0.014643579612975133,0.015212991002455989,0.01913056761119103,0.023322085554583816,0.027717679299690157,0.03203215272698534,0.03620773851112913,0.04011999972308766,0.04370920064445738,0.046933866522795076,0.049775053494818255,0.052275392799922216,0.054424899859582876,0.05624323633513695,0.05775451773390594,0.058989537202680964,0.059980604406585036,0.060747682650376666,0.06131146247473507,0.06169162445163556,0.06190114207242492,0.06195254050557586,0.061852886186785305,0.06160997536001134,0.061233044607497455,0.060733852055184334,0.060122081113523684,0.0594062769044752,0.058588618821224125,0.05766472600327066,0.056622267465248566,0.055447882273011784,0.05411996295131927,0.0526227363942654,0.05094095957726141,0.049074693943518155,0.04701421666231276,0.044751199159245636,0.0422837481460312,0.0396133290858397,0.03674142081191878,0.033656639881686656,0.03034768053606607,0.026837680672790354,0.023152765507790996,0.019431574077913405,0.01578649817264577,0.014697296964273965,0.017978569101274405,0.02176444225557575,0.025598095622054673,0.029640252241759923,0.03354514964346844,0.037180878378853255,0.040423876643163215,0.04349355218639034,0.046022577270973586,0.04819920862943772,0.050003690584271676,0.05143062438818269,0.052566016457267606,0.053458819138492875,0.05408789235122091,0.05448364672570749,0.05466996796543877,0.0546660399372908,0.05448795749927671,0.05415013534906116,0.053666539927902435,0.05304912579663901,0.05231165388138853,0.05147108675700174,0.050540375893229184,0.049528707968925056,0.048441374357375555,0.04727945094078101,0.04603919715496246,0.04477715076394717,0.043442379897769834,0.04201123787142752,0.040460033537896956,0.03885523768264776,0.03704260298675205,0.03497676408146999,0.032847545611122075,0.030585214824074225,0.027998342815401867,0.025442831523385917,0.022753332895679712,0.02007648849214619,0.017467199240617404,0.015046526673699712,0.01480414054985002,0.017504857829031106,0.020406345140568716,0.02341475495313039,0.026395282812131216,0.0292544142573532,0.032051435503280934,0.034624060026788306,0.03697637890387517,0.039124139662874424,0.04105136860774539,0.042721045755938936,0.044119412268679103,0.04525330794050175,0.04614122970497414,0.04679124723535133,0.04721134736316357,0.04742394282832918,0.04743229305998409,0.04725516719143552,0.04691548369349463,0.04642606907147284,0.04580020241362004,0.045052253153110566,0.04419847788970943,0.043264887913900596,0.04228189257377035,0.04128524163608793,0.040304980349570196,0.039364358247086284,0.038478567735751756,0.03765364572910057,0.03688796388920035,0.03619236015291738,0.035541048519473595,0.03491211986126419,0.034273530997589896,0.033602185291952025,0.03286460714409378,0.032042513670799466,0.03116440913037577,0.03018157082109907,0.02907003015145815,0.027809773772023316,0.026458938611508276,0.0250502253096212,0.02346349601380593,0.021697779324835742,0.020044198924284107,0.018250835633844664,0.016535333961615883,0.014919377424859603,0.013360291939605418,0.014648281632338916,0.01609404616003196,0.01761643480188982,0.01899168861881212,0.020378488872767886,0.021697978356104985,0.022858143194311564,0.02387969954631447,0.02492752981602514,0.02585223092800043,0.026679382389173334,0.027438076818510182,0.028147999476681895,0.02886163622049498,0.029601927689583474,0.030320375642671316,0.031015001172136403,0.031688159500352975,0.03234617427598818,0.0330001312347451,0.033687401807199424,0.03438104390129265,0.035073871626687236,0.03576220578864103,0.036445576663148516,0.037114574068840944,0.037751857075953965,0.03836049867689145,0.038911271087051946,0.03939691214305824,0.03980184906002615,0.04011354296346442,0.04032139657526029,0.04041693416698633,0.04039342033041793,0.04024554409450659,0.03996917574949849,0.03956119575717992,0.039034562369584525,0.03837403370178677,0.03757833830773072,0.036648742950778745,0.03558825338528232,0.03440231611760558,0.033097156177801734,0.03168277905681033,0.030173912986491913,0.028578599305975783,0.02691074114301012,0.025190219477710107,0.023442808496402512,0.02169898500286943,0.0199791852598174,0.018292913946259592,0.016676983221675268,0.015110943713184943,0.013645697919031974,0.012283385865675178,0.011055407170222353,0.01004794578191559,0.010920043287306669,0.012069004241416437,0.013475549361815498,0.014962107845576278,0.01633202081062446,0.017571840706948838],