"","mean","sd","0.025quant","0.5quant","0.975quant","mode","kld"
"(Intercept)",-1.00509177862516,0.19044836105249,-1.37874667534053,-1.00502180270049,-0.631835235366671,-1.00502143887235,7.97261851636754e-11
"time",-0.000606340793443076,0.000940746901624698,-0.00245108906925985,-0.000606339867078768,0.00123840165252591,-0.000606340027689781,4.20749028299176e-11
