{"scenario":"seeds","n":21,"ks_fixed":[0.016685044380496006,0.01801518546348868,0.019030044860976036,0.018855027470536634],"sgn_fixed":[-0.016685044380496006,-0.01801518546348868,0.019030044860976036,-0.018855027470536634],"ks_b":[0.042796228070569764,0.022385916928220617,0.038929533052001086,0.04448521526050131,0.03155545757594935,0.03250510211663904,0.026302874940781762,0.03690399051822274,0.03347569998342598,0.043516873799346656,0.0328430990003139,0.03450499559293896,0.02900619334099619,0.03577711946817641,0.043273606081083715,0.037596825234655795,0.04326937613822174,0.028967768602656374,0.023402852982614575,0.04322887107900775,0.027224540367986938],"sgn_b":[-0.042796228070569764,-0.022385916928220617,-0.038929533052001086,0.04448521526050131,0.03155545757594935,0.03250510211663904,0.026302874940781762,0.03690399051822274,-0.03347569998342598,-0.043516873799346656,0.0328430990003139,0.03450499559293896,-0.02900619334099619,-0.03577711946817641,0.043273606081083715,-0.037596825234655795,-0.04326937613822174,0.028967768602656374,0.023402852982614575,0.04322887107900775,-0.027224540367986938],"worst_b":4,"t_latte_cold":13.479259333,"t_latte_warm":0.017695625,"t_rinla":2.8626,"inla_version":"25.6.7"}