{"scenario":"seeds","n":21,"ks_fixed":[0.012299357363138003,0.014784671745586592,0.015333192430040055,0.01344024121507742],"sgn_fixed":[-0.012299357363138003,-0.014784671745586592,0.015333192430040055,-0.01344024121507742],"ks_b":[0.03298028622698715,0.015940477045067708,0.028654244337798368,0.028111473639316653,0.01816215712880187,0.024766506591866855,0.01877123696001637,0.027414968765396175,0.018941276194534507,0.025704208121420602,0.02459186429296878,0.023897698456513794,0.020757223246092582,0.026813971132653686,0.028993768879416848,0.03016859146452064,0.03351444237519091,0.020136442810575916,0.01601327066040803,0.032260325044845106,0.01881411295181748],"sgn_b":[-0.03298028622698715,-0.015940477045067708,-0.028654244337798368,0.028111473639316653,0.01816215712880187,0.024766506591866855,0.01877123696001637,0.027414968765396175,-0.018941276194534507,-0.025704208121420602,0.02459186429296878,0.023897698456513794,-0.020757223246092582,-0.026813971132653686,0.028993768879416848,-0.03016859146452064,-0.03351444237519091,0.020136442810575916,0.01601327066040803,0.032260325044845106,-0.01881411295181748],"worst_b":17,"t_latte_cold":6.904497833,"t_latte_warm":0.004809125,"t_rinla":2.8626,"inla_version":"25.6.7"}