{"scenario":"seeds","n":21,"ks_fixed":[0.013285122650911169,0.015504521790456222,0.016178001623332605,0.013239099849104652],"sgn_fixed":[-0.013285122650911169,-0.015504521790456222,0.016178001623332605,-0.013239099849104652],"ks_b":[0.030339957644285265,0.013874852301067442,0.025037077199254076,0.029137027361655354,0.01967218130250059,0.024378383431312933,0.01537814264332149,0.023008150962842366,0.021561929324244777,0.028237482282822163,0.023558493117635027,0.024944092308266996,0.018117303578997768,0.023839565361708004,0.030340384267089182,0.02975205178248813,0.032975247899384164,0.01963474246721819,0.015895118310202183,0.0305584014723419,0.018795406824536426],"sgn_b":[-0.030339957644285265,-0.013874852301067442,-0.025037077199254076,0.029137027361655354,0.01967218130250059,0.024378383431312933,0.01537814264332149,0.023008150962842366,-0.021561929324244777,-0.028237482282822163,0.023558493117635027,0.024944092308266996,-0.018117303578997768,-0.023839565361708004,0.030340384267089182,-0.02975205178248813,-0.032975247899384164,0.01963474246721819,0.015895118310202183,0.0305584014723419,-0.018795406824536426],"worst_b":17,"t_latte_cold":6.204844792,"t_latte_warm":0.009148208,"t_rinla":2.8626,"inla_version":"25.6.7"}