{"scenario":"seeds","n":21,"ks_fixed":[0.012299719548068064,0.014785209479064587,0.015333752608179041,0.013440722994055604],"sgn_fixed":[-0.012299719548068064,-0.014785209479064587,0.015333752608179041,-0.013440722994055604],"ks_b":[0.03298169487603994,0.015941037539499547,0.028655490160263197,0.02811298021933817,0.018163183728788446,0.024767565736536934,0.018771943741771824,0.02741610646923298,0.01894238581907476,0.02570567970574092,0.02459286506995606,0.023898892875676814,0.02075809173523946,0.026815172770578682,0.028995297408603626,0.03016988382662375,0.0335160346913832,0.020137377173523707,0.016013940682641947,0.03226195574325108,0.018814928042229728],"sgn_b":[-0.03298169487603994,-0.015941037539499547,-0.028655490160263197,0.02811298021933817,0.018163183728788446,0.024767565736536934,0.018771943741771824,0.02741610646923298,-0.01894238581907476,-0.02570567970574092,0.02459286506995606,0.023898892875676814,-0.02075809173523946,-0.026815172770578682,0.028995297408603626,-0.03016988382662375,-0.0335160346913832,0.020137377173523707,0.016013940682641947,0.03226195574325108,-0.018814928042229728],"worst_b":17,"t_latte_cold":7.259418833,"t_latte_warm":0.005223916,"t_rinla":3.0209,"inla_version":"25.6.7"}